ApplicantName,Age,Gender,MaritalStatus,Education,EmploymentType,SelfEmployed,AnnualIncome,MonthlyIncome,ExistingEMI,CreditCardUsage,NumberExistingLoans,LoanAmount,LoanPurpose,LoanTenure,CIBILScore,BankBalance,PropertyOwnership,Dependents,DebtToIncomeRatio,CreditUtilizationRatio,SavingsAmount,PreviousLoanDefaults,LoanStatus
Ananya Iyer,59,Male,Divorced,High School,Self-Employed,1,318000.0,26500.0,2661.79,0.71,2,1343000.0,Business Loan,24,726,482463.89,Owned,2,2.21,0.71,482463.89,1,0
Rohan Mehta,31,Male,Divorced,Graduate,Self-Employed,1,523000.0,43583.33,14042.93,0.68,1,1468000.0,Car Loan,60,770,1068297.11,Owned,1,0.88,0.68,1068297.11,0,1
Neha Gupta,44,Female,Married,High School,Self-Employed,1,334000.0,27833.33,2696.8,0.74,0,355000.0,Car Loan,24,728,321157.87,Rented,4,0.63,0.74,321157.87,0,1
Priya Patel,53,Female,Divorced,Graduate,Freelancer,1,512000.0,42666.67,1512.96,0.31,1,2026000.0,Education Loan,48,507,916977.87,Owned,2,1.02,0.31,916977.87,1,0
Sneha Nair,62,Male,Single,Graduate,Freelancer,1,381000.0,31750.0,3971.55,0.62,1,955000.0,Education Loan,120,665,229673.23,Rented,3,0.38,0.62,229673.23,0,1
Rahul Verma,23,Male,Divorced,Post Graduate,Self-Employed,1,568000.0,47333.33,9846.14,0.29,1,3175000.0,Medical Emergency,360,754,356179.41,Rented,0,0.39,0.29,356179.41,0,1
Priya Patel,34,Male,Single,High School,Freelancer,1,309000.0,25750.0,3102.45,0.24,0,1757000.0,Medical Emergency,120,765,188583.85,Rented,3,0.69,0.24,188583.85,0,1
Karan Malhotra,48,Male,Married,Post Graduate,Self-Employed,1,240000.0,20000.0,6704.9,0.54,1,1106000.0,Car Loan,180,665,232509.95,Owned,0,0.64,0.54,232509.95,0,0
Rahul Verma,56,Male,Single,Post Graduate,Self-Employed,1,621000.0,51750.0,18445.55,0.43,1,527000.0,Car Loan,240,616,850692.02,Mortgaged,3,0.4,0.43,850692.02,0,1
Aarav Sharma,49,Male,Divorced,High School,Business,1,689000.0,57416.67,2882.23,0.44,0,2064000.0,Medical Emergency,60,695,1676014.16,Owned,3,0.65,0.44,1676014.16,0,1
Ananya Iyer,60,Female,Divorced,Post Graduate,Self-Employed,1,588000.0,49000.0,8244.8,0.2,3,3378000.0,Business Loan,12,739,904030.6,Rented,4,5.91,0.2,904030.6,1,0
Pooja Deshmukh,61,Female,Single,Graduate,Self-Employed,1,267000.0,22250.0,8791.07,0.9,0,259000.0,Car Loan,24,633,653392.46,Mortgaged,0,0.88,0.9,653392.46,0,0
Vikram Singh,44,Female,Divorced,Post Graduate,Business,1,180000.0,15000.0,3561.8,0.6,0,1045000.0,Business Loan,48,608,325993.96,Rented,2,1.69,0.6,325993.96,0,0
Pooja Deshmukh,37,Female,Divorced,Doctorate,Salaried,0,773000.0,64416.67,7186.16,0.11,4,476000.0,Business Loan,48,740,1168974.1,Owned,3,0.27,0.11,1168974.1,1,0
Priya Patel,54,Male,Single,Graduate,Business,1,382000.0,31833.33,1015.03,0.26,2,1597000.0,Personal Loan,360,610,159503.5,Mortgaged,2,0.17,0.26,159503.5,0,1
Kavya Reddy,55,Female,Married,Post Graduate,Salaried,0,237000.0,19750.0,861.47,0.44,3,671000.0,Car Loan,12,673,406709.75,Mortgaged,2,2.87,0.44,406709.75,0,1
Siddharth Rao,29,Female,Single,Post Graduate,Self-Employed,1,306000.0,25500.0,2182.65,0.45,1,863000.0,Education Loan,240,709,214057.86,Owned,0,0.23,0.45,214057.86,0,1
Meera Pillai,52,Male,Single,Graduate,Salaried,0,277000.0,23083.33,9622.64,0.81,2,392000.0,Car Loan,240,718,169799.2,Rented,4,0.49,0.81,169799.2,0,1
Neha Gupta,52,Female,Single,Doctorate,Business,1,1171000.0,97583.33,40685.72,0.76,2,2423000.0,Medical Emergency,360,754,1977223.14,Rented,4,0.49,0.76,1977223.14,0,1
Sneha Nair,26,Male,Single,Graduate,Business,1,182000.0,15166.67,390.15,0.58,2,594000.0,Business Loan,36,659,43045.0,Mortgaged,3,1.11,0.58,43045.0,0,0
Neha Gupta,45,Male,Divorced,Graduate,Self-Employed,1,290000.0,24166.67,4391.06,0.9,0,1054000.0,Business Loan,12,650,460089.53,Rented,0,3.82,0.9,460089.53,0,1
Manish Tiwari,33,Female,Married,Post Graduate,Business,1,180000.0,15000.0,1611.13,0.41,0,755000.0,Education Loan,240,711,154588.55,Owned,2,0.32,0.41,154588.55,1,0
Tanvi Bhatia,62,Male,Single,Post Graduate,Business,1,581000.0,48416.67,2885.9,0.36,1,510000.0,Personal Loan,120,665,455486.42,Rented,0,0.15,0.36,455486.42,0,1
Sneha Nair,32,Male,Divorced,High School,Salaried,0,438000.0,36500.0,15421.93,0.17,0,497000.0,Home Loan,360,529,207206.84,Rented,0,0.46,0.17,207206.84,1,0
Amit Kumar,37,Male,Divorced,High School,Freelancer,1,339000.0,28250.0,3192.38,0.87,1,264000.0,Medical Emergency,180,672,708657.61,Owned,1,0.16,0.87,708657.61,1,0
Vikram Singh,64,Female,Single,Doctorate,Freelancer,1,1438000.0,119833.33,30246.9,0.15,1,8193000.0,Medical Emergency,36,505,2026741.21,Rented,2,2.15,0.15,2026741.21,1,0
Vikram Singh,37,Female,Single,Graduate,Business,1,273000.0,22750.0,3733.12,0.89,2,1596000.0,Home Loan,120,804,164942.15,Owned,0,0.75,0.89,164942.15,0,1
Pooja Deshmukh,29,Female,Divorced,Post Graduate,Self-Employed,1,244000.0,20333.33,7911.14,0.93,0,1210000.0,Car Loan,12,629,129433.6,Rented,3,5.35,0.93,129433.6,0,0
Divya Agarwal,56,Male,Married,Post Graduate,Salaried,0,445000.0,37083.33,6383.66,0.08,0,1375000.0,Personal Loan,240,647,417935.2,Owned,3,0.33,0.08,417935.2,0,1
Rohan Mehta,61,Female,Married,High School,Salaried,0,255000.0,21250.0,9245.88,0.3,1,1027000.0,Car Loan,360,819,228163.72,Owned,3,0.57,0.3,228163.72,0,1
Aditya Joshi,45,Male,Divorced,High School,Salaried,0,501000.0,41750.0,2036.61,0.44,1,2258000.0,Education Loan,180,550,779005.53,Mortgaged,1,0.35,0.44,779005.53,0,1
Rohan Mehta,22,Female,Single,Doctorate,Salaried,0,806000.0,67166.67,15714.59,0.78,0,3448000.0,Medical Emergency,48,693,785150.02,Owned,0,1.3,0.78,785150.02,0,1
Amit Kumar,55,Female,Divorced,Graduate,Business,1,722000.0,60166.67,13730.34,0.65,3,1656000.0,Medical Emergency,60,722,1032885.94,Owned,0,0.69,0.65,1032885.94,0,1
Siddharth Rao,28,Male,Divorced,High School,Freelancer,1,655000.0,54583.33,13458.71,0.05,1,1361000.0,Car Loan,120,779,796461.44,Rented,0,0.45,0.05,796461.44,0,1
Deepak Choudhury,55,Female,Divorced,Post Graduate,Salaried,0,406000.0,33833.33,4320.65,0.65,2,1586000.0,Home Loan,48,505,696172.1,Owned,3,1.1,0.65,696172.1,1,0
Vikram Singh,53,Male,Single,Post Graduate,Freelancer,1,199000.0,16583.33,4561.63,0.74,1,598000.0,Medical Emergency,48,677,362982.01,Rented,2,1.03,0.74,362982.01,0,1
Kavya Reddy,37,Male,Divorced,Graduate,Salaried,0,569000.0,47416.67,16609.55,0.25,2,2801000.0,Medical Emergency,360,510,691289.32,Mortgaged,4,0.51,0.25,691289.32,0,0
Karan Malhotra,28,Male,Married,High School,Freelancer,1,914000.0,76166.67,20998.66,0.7,1,2995000.0,Business Loan,240,728,2059515.7,Mortgaged,0,0.44,0.7,2059515.7,0,1
Karan Malhotra,25,Female,Single,High School,Freelancer,1,441000.0,36750.0,10364.85,0.3,2,408000.0,Education Loan,48,538,331683.27,Rented,3,0.51,0.3,331683.27,1,0
Rahul Verma,48,Male,Single,Post Graduate,Freelancer,1,180000.0,15000.0,4684.16,0.69,3,154000.0,Car Loan,120,658,252408.01,Rented,4,0.4,0.69,252408.01,1,0
Divya Agarwal,51,Female,Divorced,Graduate,Freelancer,1,266000.0,22166.67,4757.87,0.9,1,570000.0,Car Loan,180,543,370200.01,Mortgaged,1,0.36,0.9,370200.01,1,0
Tanvi Bhatia,45,Male,Married,Post Graduate,Business,1,854000.0,71166.67,13957.65,0.08,1,2006000.0,Medical Emergency,180,649,1569682.15,Rented,1,0.35,0.08,1569682.15,0,1
Tanvi Bhatia,52,Male,Married,Graduate,Salaried,0,222000.0,18500.0,5350.89,0.17,0,675000.0,Home Loan,60,805,224186.54,Owned,1,0.9,0.17,224186.54,0,1
Amit Kumar,22,Female,Married,Doctorate,Business,1,751000.0,62583.33,23513.18,0.47,0,3469000.0,Home Loan,120,639,479238.03,Owned,4,0.84,0.47,479238.03,0,0
Priya Patel,62,Male,Single,Post Graduate,Salaried,0,603000.0,50250.0,14049.95,0.26,3,1872000.0,Home Loan,48,726,733297.18,Rented,4,1.06,0.26,733297.18,0,1
Neha Gupta,40,Male,Single,High School,Salaried,0,983000.0,81916.67,21331.77,0.89,2,3605000.0,Car Loan,180,768,2319417.44,Owned,3,0.5,0.89,2319417.44,1,0
Kavya Reddy,54,Male,Divorced,High School,Salaried,0,488000.0,40666.67,14570.96,0.56,0,354000.0,Business Loan,180,602,823573.79,Owned,0,0.41,0.56,823573.79,0,1
Amit Kumar,42,Male,Married,Doctorate,Salaried,0,345000.0,28750.0,5608.71,0.38,0,1864000.0,Car Loan,36,687,395083.36,Mortgaged,2,2.0,0.38,395083.36,0,0
Aditya Joshi,57,Female,Married,Doctorate,Business,1,1128000.0,94000.0,13633.48,0.27,0,6362000.0,Education Loan,240,691,772987.1,Rented,4,0.43,0.27,772987.1,0,1
Siddharth Rao,59,Female,Single,Doctorate,Business,1,1855000.0,154583.33,12649.23,0.24,3,9067000.0,Education Loan,60,845,4104684.55,Mortgaged,2,1.06,0.24,4104684.55,0,1
Meera Pillai,37,Male,Divorced,Post Graduate,Salaried,0,202000.0,16833.33,1828.27,0.42,1,718000.0,Personal Loan,240,500,333333.73,Rented,1,0.29,0.42,333333.73,1,0
Aarav Sharma,43,Male,Married,Post Graduate,Freelancer,1,1288000.0,107333.33,33413.32,0.33,0,4764000.0,Car Loan,360,619,1769985.87,Rented,1,0.43,0.33,1769985.87,0,1
Meera Pillai,21,Female,Married,Doctorate,Business,1,180000.0,15000.0,2069.71,0.26,0,804000.0,Education Loan,24,649,338924.62,Mortgaged,0,2.37,0.26,338924.62,0,0
Rohan Mehta,60,Female,Married,High School,Salaried,0,494000.0,41166.67,15424.44,0.32,2,1228000.0,Education Loan,12,732,888826.72,Owned,4,2.86,0.32,888826.72,0,1
Priya Patel,23,Female,Divorced,Post Graduate,Freelancer,1,285000.0,23750.0,1096.41,0.06,1,588000.0,Car Loan,240,564,261542.86,Owned,3,0.15,0.06,261542.86,0,1
Ananya Iyer,25,Male,Married,Doctorate,Salaried,0,374000.0,31166.67,8092.72,0.67,1,499000.0,Business Loan,60,625,113858.38,Owned,1,0.53,0.67,113858.38,0,0
Divya Agarwal,46,Male,Divorced,Doctorate,Freelancer,1,180000.0,15000.0,6132.4,0.32,0,673000.0,Car Loan,60,587,263647.93,Owned,4,1.16,0.32,263647.93,0,0
Ananya Iyer,43,Male,Divorced,Post Graduate,Business,1,364000.0,30333.33,9014.84,0.19,0,530000.0,Home Loan,36,727,38737.51,Rented,2,0.78,0.19,38737.51,0,0
Riya Sen,52,Female,Single,Post Graduate,Business,1,564000.0,47000.0,14952.12,0.68,0,1690000.0,Medical Emergency,48,761,1307005.99,Mortgaged,1,1.07,0.68,1307005.99,0,1
Rohan Mehta,48,Female,Single,Post Graduate,Self-Employed,1,652000.0,54333.33,22210.66,0.79,1,582000.0,Personal Loan,60,691,996324.91,Mortgaged,3,0.59,0.79,996324.91,0,1
Karan Malhotra,53,Male,Married,High School,Freelancer,1,1591000.0,132583.33,56242.42,0.5,4,5116000.0,Home Loan,12,504,3555272.36,Mortgaged,4,3.64,0.5,3555272.36,1,0
Aditya Joshi,32,Male,Single,Post Graduate,Salaried,0,524000.0,43666.67,19641.6,0.66,0,1039000.0,Home Loan,36,623,644101.84,Mortgaged,4,1.11,0.66,644101.84,0,0
Aditya Joshi,46,Male,Divorced,Doctorate,Freelancer,1,225000.0,18750.0,8176.4,0.47,0,618000.0,Education Loan,24,795,485675.87,Rented,3,1.81,0.47,485675.87,0,1
Riya Sen,31,Female,Divorced,Doctorate,Salaried,0,550000.0,45833.33,9380.78,0.33,1,1253000.0,Car Loan,360,732,1143903.91,Owned,1,0.28,0.33,1143903.91,0,1
Meera Pillai,57,Female,Married,Graduate,Self-Employed,1,693000.0,57750.0,13472.94,0.61,2,2247000.0,Car Loan,12,734,407858.06,Mortgaged,4,3.48,0.61,407858.06,0,0
Sneha Nair,32,Female,Divorced,Doctorate,Salaried,0,1123000.0,93583.33,1215.76,0.62,1,5498000.0,Medical Emergency,36,640,949833.77,Owned,0,1.64,0.62,949833.77,0,0
Rahul Verma,40,Male,Single,Doctorate,Salaried,0,323000.0,26916.67,7845.38,0.19,2,1818000.0,Education Loan,360,765,579135.1,Rented,0,0.48,0.19,579135.1,0,1
Riya Sen,39,Male,Married,Post Graduate,Freelancer,1,376000.0,31333.33,2687.61,0.59,4,1731000.0,Personal Loan,24,624,286885.66,Rented,2,2.39,0.59,286885.66,0,0
Deepak Choudhury,32,Female,Single,High School,Business,1,912000.0,76000.0,28641.68,0.57,3,3766000.0,Personal Loan,240,572,1270045.17,Rented,1,0.58,0.57,1270045.17,1,0
Meera Pillai,59,Female,Married,High School,Self-Employed,1,538000.0,44833.33,19787.13,0.26,5,1402000.0,Car Loan,12,830,464629.27,Rented,4,3.05,0.26,464629.27,0,1
Siddharth Rao,60,Female,Divorced,Post Graduate,Freelancer,1,333000.0,27750.0,12048.25,0.16,0,1935000.0,Education Loan,24,700,731952.95,Rented,2,3.34,0.16,731952.95,0,1
Karan Malhotra,28,Male,Divorced,Post Graduate,Freelancer,1,186000.0,15500.0,6074.76,0.92,4,170000.0,Education Loan,120,553,296823.0,Rented,2,0.48,0.92,296823.0,1,0
Amit Kumar,64,Female,Married,Doctorate,Salaried,0,180000.0,15000.0,4167.85,0.26,1,768000.0,Education Loan,48,821,340603.07,Rented,2,1.34,0.26,340603.07,0,1
Ananya Iyer,33,Female,Single,High School,Salaried,0,1052000.0,87666.67,1814.34,0.77,4,2223000.0,Education Loan,180,507,472734.62,Mortgaged,3,0.16,0.77,472734.62,1,0
Neha Gupta,45,Male,Single,Graduate,Freelancer,1,360000.0,30000.0,8366.09,0.27,1,1987000.0,Personal Loan,48,721,434433.53,Rented,4,1.66,0.27,434433.53,0,0
Aarav Sharma,41,Female,Married,Post Graduate,Salaried,0,400000.0,33333.33,6625.95,0.36,1,1493000.0,Medical Emergency,180,705,702700.97,Rented,0,0.45,0.36,702700.97,0,1
Rohan Mehta,34,Female,Married,Graduate,Self-Employed,1,258000.0,21500.0,3689.7,0.37,3,549000.0,Medical Emergency,60,817,39385.0,Mortgaged,3,0.6,0.37,39385.0,0,1
Aarav Sharma,44,Male,Divorced,Doctorate,Business,1,185000.0,15416.67,5381.7,0.26,0,908000.0,Personal Loan,48,750,294175.68,Mortgaged,1,1.58,0.26,294175.68,0,1
Vikram Singh,28,Male,Divorced,Graduate,Business,1,822000.0,68500.0,24308.92,0.08,0,2061000.0,Personal Loan,24,517,1876713.75,Rented,0,1.61,0.08,1876713.75,1,0
Neha Gupta,56,Male,Single,High School,Business,1,180000.0,15000.0,5605.69,0.28,2,906000.0,Car Loan,60,712,340513.64,Rented,2,1.38,0.28,340513.64,0,1
Karan Malhotra,26,Male,Single,Post Graduate,Freelancer,1,200000.0,16666.67,7254.52,0.77,2,502000.0,Car Loan,12,844,146940.12,Owned,0,2.95,0.77,146940.12,0,1
Aditya Joshi,21,Female,Divorced,High School,Salaried,0,543000.0,45250.0,13741.36,0.47,1,2122000.0,Business Loan,120,678,1247061.5,Owned,0,0.69,0.47,1247061.5,0,1
Karan Malhotra,42,Female,Divorced,Doctorate,Salaried,0,517000.0,43083.33,2709.93,0.9,0,1124000.0,Car Loan,24,790,172295.83,Mortgaged,0,1.15,0.9,172295.83,0,1
Karan Malhotra,55,Female,Divorced,Doctorate,Self-Employed,1,504000.0,42000.0,16734.32,0.64,3,2563000.0,Business Loan,180,636,1186278.59,Rented,4,0.74,0.64,1186278.59,1,0
Pooja Deshmukh,57,Male,Married,Doctorate,Self-Employed,1,301000.0,25083.33,9655.89,0.14,0,1286000.0,Business Loan,120,802,73841.38,Rented,0,0.81,0.14,73841.38,0,1
Ananya Iyer,21,Female,Single,Post Graduate,Salaried,0,476000.0,39666.67,902.83,0.35,0,2827000.0,Business Loan,48,726,125980.24,Mortgaged,0,1.51,0.35,125980.24,0,0
Rohan Mehta,60,Male,Married,Post Graduate,Salaried,0,180000.0,15000.0,1871.61,0.94,0,1068000.0,Business Loan,60,794,362957.97,Owned,1,1.31,0.94,362957.97,0,1
Aarav Sharma,54,Male,Single,High School,Self-Employed,1,951000.0,79250.0,20999.97,0.06,1,1864000.0,Personal Loan,180,671,1295837.61,Mortgaged,3,0.4,0.06,1295837.61,1,0
Karan Malhotra,25,Female,Divorced,Graduate,Freelancer,1,316000.0,26333.33,5970.49,0.9,2,233000.0,Medical Emergency,360,900,260356.44,Mortgaged,2,0.25,0.9,260356.44,0,1
Priya Patel,59,Female,Married,Doctorate,Salaried,0,835000.0,69583.33,15351.54,0.87,1,755000.0,Home Loan,120,521,1302528.04,Owned,1,0.31,0.87,1302528.04,0,0
Manish Tiwari,58,Female,Married,High School,Freelancer,1,744000.0,62000.0,14104.87,0.44,0,3617000.0,Home Loan,360,670,1361531.76,Owned,1,0.39,0.44,1361531.76,0,1
Kavya Reddy,37,Female,Married,Doctorate,Freelancer,1,439000.0,36583.33,6848.23,0.14,0,1250000.0,Medical Emergency,60,751,438263.56,Owned,4,0.76,0.14,438263.56,0,1
Riya Sen,54,Male,Single,Graduate,Salaried,0,180000.0,15000.0,2915.17,0.72,0,459000.0,Personal Loan,360,788,43911.78,Mortgaged,2,0.28,0.72,43911.78,0,1
Ananya Iyer,31,Female,Married,Doctorate,Salaried,0,551000.0,45916.67,20009.54,0.59,0,1341000.0,Business Loan,360,595,336425.8,Mortgaged,0,0.52,0.59,336425.8,0,0
Ananya Iyer,23,Female,Divorced,High School,Salaried,0,454000.0,37833.33,12983.36,0.57,2,2243000.0,Business Loan,360,776,74006.17,Mortgaged,4,0.51,0.57,74006.17,0,1
Aditya Joshi,25,Male,Single,High School,Business,1,205000.0,17083.33,7084.32,0.37,0,307000.0,Personal Loan,180,562,54736.03,Mortgaged,0,0.51,0.37,54736.03,1,0
Aarav Sharma,25,Male,Divorced,Post Graduate,Freelancer,1,187000.0,15583.33,2944.07,0.36,1,474000.0,Medical Emergency,120,662,367343.83,Mortgaged,4,0.44,0.36,367343.83,0,1
Priya Patel,47,Male,Single,Graduate,Salaried,0,291000.0,24250.0,2969.32,0.65,2,923000.0,Car Loan,180,699,219879.72,Mortgaged,1,0.33,0.65,219879.72,0,1
Divya Agarwal,56,Male,Married,Doctorate,Business,1,640000.0,53333.33,1090.02,0.41,0,2430000.0,Home Loan,48,748,526980.14,Owned,1,0.97,0.41,526980.14,0,1
Aditya Joshi,48,Female,Married,Graduate,Salaried,0,304000.0,25333.33,5670.19,0.44,1,368000.0,Business Loan,48,482,395391.41,Mortgaged,2,0.53,0.44,395391.41,1,0
Rahul Verma,27,Female,Divorced,Graduate,Freelancer,1,744000.0,62000.0,522.89,0.88,1,3900000.0,Business Loan,180,722,1098262.47,Mortgaged,1,0.36,0.88,1098262.47,0,1
Sneha Nair,58,Male,Married,Graduate,Business,1,180000.0,15000.0,1160.14,0.9,0,545000.0,Medical Emergency,120,698,56072.11,Owned,4,0.38,0.9,56072.11,0,1
Manish Tiwari,48,Female,Divorced,Graduate,Freelancer,1,300000.0,25000.0,9793.4,0.72,0,516000.0,Personal Loan,24,582,397547.96,Owned,0,1.25,0.72,397547.96,0,0
Rohan Mehta,33,Female,Married,Post Graduate,Self-Employed,1,1217000.0,101416.67,4691.74,0.28,2,1770000.0,Personal Loan,24,759,639108.41,Mortgaged,1,0.77,0.28,639108.41,0,1
Manish Tiwari,28,Female,Divorced,High School,Business,1,1075000.0,89583.33,6085.47,0.11,1,3152000.0,Education Loan,60,858,1633362.97,Rented,3,0.65,0.11,1633362.97,0,1
Sneha Nair,46,Female,Married,Graduate,Salaried,0,189000.0,15750.0,2613.43,0.31,1,765000.0,Home Loan,360,733,193301.25,Mortgaged,0,0.3,0.31,193301.25,0,1
Priya Patel,53,Female,Divorced,Post Graduate,Business,1,391000.0,32583.33,8870.9,0.5,1,2255000.0,Car Loan,24,474,800111.26,Rented,0,3.16,0.5,800111.26,1,0
Rahul Verma,23,Male,Single,Post Graduate,Freelancer,1,180000.0,15000.0,6689.16,0.52,1,694000.0,Education Loan,120,741,414548.69,Rented,1,0.83,0.52,414548.69,0,1
Amit Kumar,40,Male,Divorced,High School,Salaried,0,313000.0,26083.33,3869.74,0.55,0,822000.0,Education Loan,36,747,281721.56,Mortgaged,2,1.02,0.55,281721.56,0,1
Pooja Deshmukh,22,Female,Divorced,Doctorate,Self-Employed,1,1508000.0,125666.67,33649.58,0.89,0,3322000.0,Car Loan,120,825,3093878.37,Mortgaged,3,0.49,0.89,3093878.37,0,1
Deepak Choudhury,25,Male,Divorced,Doctorate,Business,1,315000.0,26250.0,215.35,0.33,1,1805000.0,Education Loan,240,589,176655.96,Owned,0,0.29,0.33,176655.96,0,1
Sneha Nair,32,Male,Divorced,Graduate,Business,1,517000.0,43083.33,16991.06,0.61,0,1957000.0,Personal Loan,36,598,276093.68,Mortgaged,4,1.66,0.61,276093.68,0,0
Neha Gupta,31,Female,Single,Doctorate,Business,1,393000.0,32750.0,9967.9,0.26,1,1157000.0,Education Loan,240,722,260011.58,Owned,1,0.45,0.26,260011.58,0,1
Riya Sen,25,Male,Married,Doctorate,Freelancer,1,809000.0,67416.67,23342.84,0.75,0,2642000.0,Car Loan,36,628,1666976.03,Mortgaged,4,1.43,0.75,1666976.03,0,0
Aditya Joshi,29,Male,Divorced,Doctorate,Business,1,608000.0,50666.67,12643.53,0.14,1,3133000.0,Home Loan,60,809,183190.58,Owned,0,1.28,0.14,183190.58,0,1
Deepak Choudhury,25,Male,Married,Graduate,Self-Employed,1,553000.0,46083.33,16936.38,0.85,1,3107000.0,Car Loan,12,625,581473.7,Rented,2,5.99,0.85,581473.7,0,0
Rahul Verma,21,Female,Single,Graduate,Business,1,593000.0,49416.67,20699.24,0.81,1,2416000.0,Personal Loan,36,822,113813.1,Rented,0,1.78,0.81,113813.1,0,1
Vikram Singh,57,Female,Married,Graduate,Salaried,0,330000.0,27500.0,235.17,0.24,0,436000.0,Medical Emergency,360,641,368217.77,Rented,4,0.05,0.24,368217.77,0,1
Ananya Iyer,39,Male,Single,Doctorate,Freelancer,1,526000.0,43833.33,1238.87,0.8,2,1709000.0,Business Loan,12,866,850379.92,Mortgaged,2,3.28,0.8,850379.92,0,1
Vikram Singh,58,Female,Married,Graduate,Business,1,180000.0,15000.0,1623.81,0.42,1,748000.0,Home Loan,360,815,439050.74,Owned,1,0.25,0.42,439050.74,0,1
Meera Pillai,34,Male,Married,Doctorate,Salaried,0,180000.0,15000.0,4290.78,0.93,1,341000.0,Home Loan,120,808,358640.65,Rented,1,0.48,0.93,358640.65,0,1
Ananya Iyer,35,Female,Single,Graduate,Business,1,439000.0,36583.33,8988.75,0.78,4,642000.0,Medical Emergency,240,774,1077291.09,Rented,2,0.32,0.78,1077291.09,0,1
Vikram Singh,53,Male,Divorced,Doctorate,Salaried,0,462000.0,38500.0,5083.89,0.09,2,738000.0,Home Loan,120,637,1081121.74,Mortgaged,4,0.29,0.09,1081121.74,0,1
Meera Pillai,51,Female,Married,Graduate,Self-Employed,1,277000.0,23083.33,2971.98,0.83,2,211000.0,Medical Emergency,120,482,209334.4,Rented,4,0.2,0.83,209334.4,1,0
Siddharth Rao,24,Female,Married,High School,Self-Employed,1,789000.0,65750.0,14681.41,0.5,2,4406000.0,Business Loan,60,767,1595954.02,Mortgaged,2,1.34,0.5,1595954.02,0,1
Divya Agarwal,47,Male,Divorced,High School,Business,1,234000.0,19500.0,900.3,0.35,2,497000.0,Car Loan,180,633,116987.7,Rented,1,0.19,0.35,116987.7,0,1
Priya Patel,63,Female,Divorced,Doctorate,Business,1,523000.0,43583.33,12541.59,0.76,2,426000.0,Medical Emergency,180,578,508328.13,Mortgaged,3,0.34,0.76,508328.13,1,0
Aarav Sharma,63,Male,Divorced,Doctorate,Salaried,0,472000.0,39333.33,2234.27,0.26,3,1911000.0,Education Loan,180,745,1122756.34,Owned,3,0.33,0.26,1122756.34,0,1
Karan Malhotra,51,Female,Married,Doctorate,Salaried,0,198000.0,16500.0,4261.37,0.53,3,532000.0,Medical Emergency,60,849,138415.46,Owned,4,0.8,0.53,138415.46,1,0
Neha Gupta,41,Female,Divorced,Doctorate,Salaried,0,348000.0,29000.0,3416.19,0.28,1,1028000.0,Business Loan,60,641,614412.63,Rented,2,0.71,0.28,614412.63,0,0
Vikram Singh,60,Male,Married,Post Graduate,Freelancer,1,180000.0,15000.0,6731.52,0.78,1,1048000.0,Education Loan,120,807,324521.49,Mortgaged,0,1.03,0.78,324521.49,0,1
Sneha Nair,46,Male,Divorced,Post Graduate,Business,1,241000.0,20083.33,4597.88,0.16,2,387000.0,Personal Loan,48,531,481251.78,Owned,1,0.63,0.16,481251.78,1,0
Manish Tiwari,47,Female,Married,Post Graduate,Salaried,0,362000.0,30166.67,892.53,0.41,0,1608000.0,Car Loan,360,830,393098.8,Rented,3,0.18,0.41,393098.8,0,1
Rahul Verma,44,Male,Married,Graduate,Freelancer,1,216000.0,18000.0,3773.25,0.52,0,260000.0,Business Loan,36,704,419618.0,Owned,0,0.61,0.52,419618.0,0,1
Priya Patel,49,Male,Divorced,Post Graduate,Business,1,1342000.0,111833.33,8286.37,0.34,0,5907000.0,Education Loan,360,781,3016577.39,Owned,4,0.22,0.34,3016577.39,0,1
Meera Pillai,27,Female,Single,High School,Salaried,0,433000.0,36083.33,8160.53,0.2,2,2459000.0,Personal Loan,36,718,727855.2,Mortgaged,0,2.12,0.2,727855.2,0,0
Amit Kumar,27,Male,Single,Graduate,Salaried,0,295000.0,24583.33,10493.3,0.74,1,577000.0,Personal Loan,180,693,467120.77,Owned,2,0.56,0.74,467120.77,0,1
Meera Pillai,52,Female,Divorced,High School,Freelancer,1,1713000.0,142750.0,15730.34,0.78,2,4683000.0,Car Loan,24,628,3002328.12,Owned,0,1.48,0.78,3002328.12,0,1
Riya Sen,34,Female,Single,High School,Self-Employed,1,509000.0,42416.67,5966.42,0.7,1,2310000.0,Education Loan,180,843,210643.93,Rented,2,0.44,0.7,210643.93,0,1
Ananya Iyer,24,Female,Single,Doctorate,Salaried,0,526000.0,43833.33,5275.88,0.27,2,543000.0,Education Loan,180,657,1143520.44,Rented,1,0.19,0.27,1143520.44,0,1
Neha Gupta,53,Female,Divorced,High School,Self-Employed,1,776000.0,64666.67,22206.83,0.5,0,2585000.0,Car Loan,60,794,1003902.4,Owned,2,1.01,0.5,1003902.4,0,1
Deepak Choudhury,44,Female,Single,Post Graduate,Business,1,449000.0,37416.67,819.28,0.3,1,1700000.0,Medical Emergency,240,553,352822.46,Owned,4,0.21,0.3,352822.46,1,0
Divya Agarwal,23,Male,Married,High School,Freelancer,1,482000.0,40166.67,6614.32,0.41,4,1753000.0,Personal Loan,120,768,688168.28,Owned,3,0.53,0.41,688168.28,0,1
Karan Malhotra,57,Female,Divorced,Graduate,Self-Employed,1,375000.0,31250.0,13712.1,0.4,1,1827000.0,Education Loan,360,584,882553.71,Owned,1,0.6,0.4,882553.71,0,0
Deepak Choudhury,27,Female,Divorced,Graduate,Salaried,0,669000.0,55750.0,976.25,0.69,0,3293000.0,Business Loan,240,722,306039.13,Mortgaged,2,0.26,0.69,306039.13,0,1
Tanvi Bhatia,56,Female,Single,Doctorate,Business,1,1005000.0,83750.0,22376.0,0.51,2,3320000.0,Car Loan,60,766,1245940.95,Owned,1,0.93,0.51,1245940.95,0,1
Ananya Iyer,23,Female,Divorced,High School,Salaried,0,180000.0,15000.0,4029.14,0.29,1,739000.0,Business Loan,48,734,329644.85,Mortgaged,0,1.29,0.29,329644.85,0,1
Deepak Choudhury,54,Female,Single,Post Graduate,Salaried,0,355000.0,29583.33,7622.34,0.68,2,550000.0,Car Loan,120,722,392300.81,Rented,2,0.41,0.68,392300.81,0,1
Divya Agarwal,43,Female,Divorced,Graduate,Self-Employed,1,362000.0,30166.67,7041.13,0.55,0,2168000.0,Car Loan,360,801,363585.37,Owned,0,0.43,0.55,363585.37,0,1
Meera Pillai,60,Female,Divorced,High School,Business,1,275000.0,22916.67,6291.42,0.22,0,510000.0,Business Loan,60,825,175912.25,Rented,2,0.65,0.22,175912.25,0,1
Rohan Mehta,24,Female,Married,Doctorate,Business,1,858000.0,71500.0,18033.69,0.89,3,3835000.0,Education Loan,24,783,1266703.43,Mortgaged,1,2.49,0.89,1266703.43,0,1
Siddharth Rao,37,Female,Single,High School,Salaried,0,424000.0,35333.33,4573.32,0.69,1,1020000.0,Car Loan,60,447,802891.66,Owned,4,0.61,0.69,802891.66,0,0
Meera Pillai,47,Female,Single,Graduate,Self-Employed,1,1170000.0,97500.0,10637.85,0.65,1,4002000.0,Medical Emergency,48,821,264395.03,Rented,4,0.96,0.65,264395.03,0,1
Riya Sen,37,Male,Divorced,Post Graduate,Salaried,0,180000.0,15000.0,6510.5,0.93,1,246000.0,Medical Emergency,240,564,224257.76,Owned,3,0.5,0.93,224257.76,1,0
Sneha Nair,63,Female,Married,Graduate,Salaried,0,387000.0,32250.0,9466.49,0.26,4,1766000.0,Home Loan,36,788,426831.57,Owned,4,1.81,0.26,426831.57,0,1
Priya Patel,53,Female,Married,Post Graduate,Business,1,529000.0,44083.33,17392.39,0.06,0,1917000.0,Home Loan,120,525,414179.47,Mortgaged,3,0.76,0.06,414179.47,1,0
Riya Sen,63,Male,Divorced,Doctorate,Business,1,554000.0,46166.67,4005.66,0.15,1,772000.0,Car Loan,60,585,1010848.13,Owned,0,0.37,0.15,1010848.13,0,1
Sneha Nair,21,Male,Single,Doctorate,Freelancer,1,1447000.0,120583.33,27960.42,0.13,1,6050000.0,Personal Loan,36,675,1802802.59,Owned,2,1.63,0.13,1802802.59,1,0
Siddharth Rao,57,Male,Married,High School,Business,1,799000.0,66583.33,9047.05,0.7,3,450000.0,Medical Emergency,120,626,1408353.05,Owned,3,0.19,0.7,1408353.05,0,1
Karan Malhotra,36,Female,Single,Doctorate,Business,1,556000.0,46333.33,14392.55,0.62,4,3154000.0,Education Loan,48,734,348005.21,Owned,0,1.73,0.62,348005.21,0,0
Karan Malhotra,32,Female,Married,Doctorate,Self-Employed,1,573000.0,47750.0,16370.46,0.66,0,2164000.0,Home Loan,360,698,671667.82,Mortgaged,4,0.47,0.66,671667.82,0,1
Manish Tiwari,42,Male,Single,Post Graduate,Self-Employed,1,231000.0,19250.0,1425.3,0.82,5,677000.0,Medical Emergency,48,774,420559.32,Rented,1,0.81,0.82,420559.32,0,1
Deepak Choudhury,62,Female,Single,Doctorate,Self-Employed,1,993000.0,82750.0,19112.07,0.46,1,812000.0,Car Loan,60,796,1823021.09,Rented,4,0.39,0.46,1823021.09,0,1
Aarav Sharma,54,Male,Divorced,Graduate,Salaried,0,464000.0,38666.67,7372.34,0.68,1,1613000.0,Home Loan,24,771,1144562.44,Rented,0,1.93,0.68,1144562.44,1,0
Divya Agarwal,24,Male,Single,Doctorate,Business,1,299000.0,24916.67,11132.41,0.39,3,1580000.0,Car Loan,180,773,87487.39,Mortgaged,2,0.8,0.39,87487.39,0,1
Vikram Singh,62,Female,Single,Post Graduate,Freelancer,1,340000.0,28333.33,6742.74,0.71,1,586000.0,Home Loan,12,573,832448.4,Rented,3,1.96,0.71,832448.4,1,0
Meera Pillai,49,Female,Divorced,Doctorate,Self-Employed,1,324000.0,27000.0,3007.27,0.36,1,653000.0,Medical Emergency,24,806,57452.18,Mortgaged,3,1.12,0.36,57452.18,0,1
Aarav Sharma,30,Male,Single,Graduate,Salaried,0,377000.0,31416.67,8396.89,0.45,2,1582000.0,Home Loan,48,620,707741.57,Rented,4,1.32,0.45,707741.57,0,0
Meera Pillai,34,Male,Single,Post Graduate,Business,1,709000.0,59083.33,6225.77,0.87,2,2601000.0,Business Loan,120,639,474015.91,Owned,4,0.47,0.87,474015.91,0,1
Deepak Choudhury,35,Male,Married,High School,Business,1,180000.0,15000.0,411.46,0.9,1,961000.0,Personal Loan,180,571,258127.49,Owned,1,0.38,0.9,258127.49,1,0
Siddharth Rao,57,Female,Divorced,Doctorate,Freelancer,1,799000.0,66583.33,4470.93,0.39,2,3715000.0,Car Loan,48,660,1708596.17,Rented,0,1.23,0.39,1708596.17,0,1
Vikram Singh,27,Female,Single,Doctorate,Freelancer,1,489000.0,40750.0,10219.25,0.17,2,898000.0,Personal Loan,120,724,807873.99,Rented,1,0.43,0.17,807873.99,0,1
Rahul Verma,46,Male,Single,High School,Freelancer,1,586000.0,48833.33,14803.94,0.59,1,3109000.0,Personal Loan,360,725,363812.04,Owned,0,0.48,0.59,363812.04,0,1
Amit Kumar,55,Female,Single,Post Graduate,Self-Employed,1,646000.0,53833.33,23306.33,0.16,0,3874000.0,Car Loan,48,900,1143098.99,Mortgaged,2,1.93,0.16,1143098.99,0,1
Kavya Reddy,38,Female,Married,Doctorate,Freelancer,1,268000.0,22333.33,5363.18,0.37,1,520000.0,Business Loan,240,722,326533.82,Mortgaged,4,0.34,0.37,326533.82,0,1
Amit Kumar,45,Male,Married,High School,Freelancer,1,1120000.0,93333.33,1920.05,0.83,0,5126000.0,Home Loan,60,841,1599301.48,Mortgaged,0,0.94,0.83,1599301.48,0,1
Divya Agarwal,23,Female,Single,Post Graduate,Business,1,397000.0,33083.33,3424.4,0.56,0,735000.0,Business Loan,120,521,284880.93,Rented,1,0.29,0.56,284880.93,1,0
Riya Sen,32,Female,Single,High School,Self-Employed,1,424000.0,35333.33,2225.34,0.54,2,641000.0,Business Loan,12,663,575565.84,Owned,3,1.57,0.54,575565.84,0,1
Priya Patel,35,Male,Married,Post Graduate,Self-Employed,1,455000.0,37916.67,1159.7,0.19,1,775000.0,Car Loan,120,623,111511.53,Mortgaged,3,0.2,0.19,111511.53,0,1
Tanvi Bhatia,25,Female,Divorced,Doctorate,Salaried,0,454000.0,37833.33,112.58,0.55,3,257000.0,Business Loan,60,772,629140.24,Rented,4,0.12,0.55,629140.24,1,0
Divya Agarwal,53,Male,Single,Graduate,Self-Employed,1,511000.0,42583.33,4617.56,0.61,4,965000.0,Education Loan,60,707,1026009.92,Owned,0,0.49,0.61,1026009.92,0,1
Siddharth Rao,62,Female,Divorced,Post Graduate,Self-Employed,1,535000.0,44583.33,6018.24,0.8,0,505000.0,Medical Emergency,12,623,173554.65,Rented,4,1.08,0.8,173554.65,0,0
Riya Sen,63,Male,Divorced,Graduate,Self-Employed,1,432000.0,36000.0,1339.52,0.81,1,1748000.0,Education Loan,24,730,970919.53,Owned,2,2.06,0.81,970919.53,0,1
Manish Tiwari,50,Female,Married,Graduate,Salaried,0,1133000.0,94416.67,29079.67,0.3,0,3950000.0,Medical Emergency,12,710,601000.77,Rented,1,3.79,0.3,601000.77,1,0
Rohan Mehta,52,Male,Divorced,Doctorate,Salaried,0,381000.0,31750.0,4275.92,0.56,1,1378000.0,Car Loan,360,626,341433.77,Mortgaged,1,0.26,0.56,341433.77,0,1
Rahul Verma,44,Female,Single,Graduate,Freelancer,1,387000.0,32250.0,3368.99,0.12,0,1482000.0,Business Loan,180,697,938633.39,Rented,1,0.36,0.12,938633.39,1,0
Aditya Joshi,61,Female,Married,Post Graduate,Business,1,418000.0,34833.33,8668.87,0.39,2,636000.0,Business Loan,180,705,127768.34,Mortgaged,3,0.35,0.39,127768.34,0,1
Kavya Reddy,40,Male,Single,High School,Self-Employed,1,338000.0,28166.67,4816.5,0.76,0,456000.0,Car Loan,120,697,326400.03,Owned,0,0.31,0.76,326400.03,1,0
Sneha Nair,32,Female,Married,High School,Salaried,0,479000.0,39916.67,2380.16,0.22,1,1422000.0,Business Loan,360,616,516987.58,Owned,2,0.16,0.22,516987.58,0,1
Meera Pillai,38,Male,Divorced,High School,Freelancer,1,551000.0,45916.67,254.99,0.42,0,2637000.0,Medical Emergency,360,632,1252146.5,Owned,2,0.17,0.42,1252146.5,0,1
Neha Gupta,53,Female,Single,Post Graduate,Business,1,409000.0,34083.33,4618.6,0.49,2,347000.0,Car Loan,60,496,454254.06,Rented,1,0.31,0.49,454254.06,1,0
Pooja Deshmukh,49,Female,Single,Doctorate,Self-Employed,1,467000.0,38916.67,8018.3,0.17,1,251000.0,Car Loan,120,784,989980.28,Rented,1,0.26,0.17,989980.28,0,1
Amit Kumar,34,Female,Married,Doctorate,Self-Employed,1,331000.0,27583.33,3729.15,0.59,2,1431000.0,Car Loan,120,648,174215.05,Rented,4,0.57,0.59,174215.05,0,0
Sneha Nair,41,Female,Divorced,Post Graduate,Business,1,180000.0,15000.0,2538.37,0.78,1,479000.0,Home Loan,48,628,273842.08,Mortgaged,1,0.83,0.78,273842.08,0,0
Meera Pillai,55,Male,Divorced,Doctorate,Self-Employed,1,463000.0,38583.33,7612.67,0.31,2,1996000.0,Car Loan,240,659,200955.84,Rented,3,0.41,0.31,200955.84,0,1
Vikram Singh,45,Female,Married,Graduate,Freelancer,1,543000.0,45250.0,20173.14,0.48,4,1469000.0,Business Loan,180,721,762778.43,Rented,4,0.63,0.48,762778.43,0,1
Meera Pillai,44,Male,Single,Post Graduate,Business,1,498000.0,41500.0,3106.37,0.6,2,1792000.0,Medical Emergency,180,743,1205332.67,Rented,0,0.31,0.6,1205332.67,0,1
Divya Agarwal,64,Male,Single,Graduate,Business,1,551000.0,45916.67,4587.1,0.72,0,1966000.0,Medical Emergency,48,537,644597.56,Rented,3,0.99,0.72,644597.56,1,0
Manish Tiwari,42,Male,Married,Graduate,Freelancer,1,180000.0,15000.0,705.71,0.42,1,1042000.0,Home Loan,36,730,168477.98,Rented,4,1.98,0.42,168477.98,0,0
Rohan Mehta,37,Female,Married,Doctorate,Salaried,0,337000.0,28083.33,5537.32,0.68,1,760000.0,Education Loan,12,461,688978.39,Owned,4,2.45,0.68,688978.39,0,0
Ananya Iyer,45,Male,Divorced,Post Graduate,Self-Employed,1,553000.0,46083.33,11445.24,0.35,0,1573000.0,Car Loan,48,723,1114081.48,Mortgaged,2,0.96,0.35,1114081.48,0,1
Divya Agarwal,44,Female,Single,Post Graduate,Freelancer,1,364000.0,30333.33,8083.57,0.4,1,1593000.0,Personal Loan,60,684,693631.55,Owned,0,1.14,0.4,693631.55,0,1
Meera Pillai,30,Male,Married,High School,Self-Employed,1,459000.0,38250.0,7875.59,0.29,1,2407000.0,Business Loan,120,609,703523.07,Mortgaged,4,0.73,0.29,703523.07,0,0
Ananya Iyer,46,Female,Married,Doctorate,Self-Employed,1,243000.0,20250.0,7415.19,0.69,3,519000.0,Business Loan,24,654,416274.6,Rented,3,1.43,0.69,416274.6,0,1
Sneha Nair,60,Male,Single,High School,Self-Employed,1,1024000.0,85333.33,19615.67,0.43,0,1288000.0,Car Loan,180,763,558908.29,Mortgaged,0,0.31,0.43,558908.29,0,1
Neha Gupta,59,Male,Married,High School,Self-Employed,1,180000.0,15000.0,1262.92,0.81,4,703000.0,Education Loan,12,757,227351.05,Owned,2,3.99,0.81,227351.05,0,1
Meera Pillai,40,Female,Married,Doctorate,Freelancer,1,1613000.0,134416.67,42954.74,0.45,2,2290000.0,Business Loan,12,785,3242314.1,Owned,3,1.74,0.45,3242314.1,0,1
Aditya Joshi,62,Male,Divorced,High School,Self-Employed,1,1216000.0,101333.33,35601.75,0.56,2,5775000.0,Car Loan,360,638,1612336.17,Mortgaged,2,0.51,0.56,1612336.17,0,0
Meera Pillai,39,Female,Divorced,Graduate,Freelancer,1,605000.0,50416.67,12395.39,0.94,2,643000.0,Medical Emergency,48,628,492773.37,Owned,1,0.51,0.94,492773.37,0,1
Pooja Deshmukh,39,Male,Married,Graduate,Self-Employed,1,453000.0,37750.0,3565.31,0.71,0,1943000.0,Medical Emergency,180,690,225755.21,Owned,2,0.38,0.71,225755.21,0,1
Rohan Mehta,49,Male,Divorced,High School,Business,1,197000.0,16416.67,4409.29,0.2,1,1159000.0,Education Loan,60,646,290489.38,Mortgaged,4,1.45,0.2,290489.38,0,0
Ananya Iyer,51,Male,Married,Graduate,Business,1,872000.0,72666.67,28352.46,0.16,3,4590000.0,Personal Loan,36,655,1576007.14,Owned,1,2.14,0.16,1576007.14,0,1
Siddharth Rao,52,Female,Single,High School,Freelancer,1,346000.0,28833.33,4867.86,0.12,1,1685000.0,Home Loan,180,686,462765.43,Rented,1,0.49,0.12,462765.43,0,1
Pooja Deshmukh,56,Female,Married,High School,Salaried,0,180000.0,15000.0,5865.13,0.81,2,182000.0,Car Loan,120,628,385245.9,Mortgaged,4,0.49,0.81,385245.9,0,1
Divya Agarwal,38,Male,Married,High School,Business,1,1011000.0,84250.0,31404.58,0.35,0,3719000.0,Business Loan,240,749,2013839.98,Mortgaged,3,0.56,0.35,2013839.98,0,1
Priya Patel,50,Male,Divorced,Doctorate,Salaried,0,318000.0,26500.0,1481.53,0.82,1,931000.0,Home Loan,180,619,186209.26,Mortgaged,4,0.25,0.82,186209.26,0,1
Sneha Nair,58,Male,Married,Graduate,Business,1,180000.0,15000.0,1690.13,0.38,2,985000.0,Personal Loan,12,675,189219.56,Rented,0,5.58,0.38,189219.56,0,0
Kavya Reddy,40,Female,Divorced,Graduate,Salaried,0,221000.0,18416.67,9.0,0.48,2,272000.0,Personal Loan,360,708,382762.84,Owned,4,0.04,0.48,382762.84,1,0
Amit Kumar,25,Male,Married,Post Graduate,Freelancer,1,860000.0,71666.67,2284.21,0.39,0,3887000.0,Home Loan,24,616,732757.45,Rented,4,2.29,0.39,732757.45,0,0
Vikram Singh,43,Male,Single,Graduate,Self-Employed,1,180000.0,15000.0,2970.67,0.7,0,712000.0,Personal Loan,180,655,284144.84,Rented,1,0.46,0.7,284144.84,0,1
Rahul Verma,49,Male,Single,Graduate,Freelancer,1,804000.0,67000.0,10598.8,0.44,1,3900000.0,Personal Loan,60,635,1324259.85,Owned,2,1.13,0.44,1324259.85,0,1
Tanvi Bhatia,32,Female,Divorced,Graduate,Business,1,268000.0,22333.33,2064.73,0.6,0,412000.0,Car Loan,60,726,442416.4,Owned,0,0.4,0.6,442416.4,0,1
Ananya Iyer,63,Male,Married,Graduate,Salaried,0,735000.0,61250.0,27200.95,0.89,3,901000.0,Business Loan,180,790,718087.58,Mortgaged,3,0.53,0.89,718087.58,0,1
Riya Sen,40,Male,Single,Graduate,Salaried,0,424000.0,35333.33,4168.75,0.09,2,353000.0,Car Loan,360,676,333929.99,Mortgaged,2,0.15,0.09,333929.99,0,1
Divya Agarwal,26,Female,Divorced,Doctorate,Salaried,0,496000.0,41333.33,11913.99,0.53,1,665000.0,Home Loan,60,599,143667.27,Owned,1,0.56,0.53,143667.27,0,0
Vikram Singh,44,Female,Married,Graduate,Business,1,180000.0,15000.0,4716.06,0.71,1,928000.0,Home Loan,48,725,55243.93,Rented,3,1.6,0.71,55243.93,0,0
Tanvi Bhatia,43,Male,Married,Post Graduate,Salaried,0,252000.0,21000.0,119.68,0.17,2,142000.0,Car Loan,120,737,341513.64,Mortgaged,4,0.06,0.17,341513.64,0,1
Pooja Deshmukh,52,Male,Divorced,High School,Salaried,0,717000.0,59750.0,20741.83,0.08,2,3541000.0,Education Loan,360,570,181610.92,Mortgaged,1,0.51,0.08,181610.92,1,0
Rahul Verma,37,Female,Married,High School,Salaried,0,494000.0,41166.67,9255.28,0.56,1,1246000.0,Education Loan,24,695,1109644.64,Mortgaged,0,1.49,0.56,1109644.64,0,1
Kavya Reddy,24,Male,Single,Graduate,Self-Employed,1,232000.0,19333.33,400.04,0.38,1,1290000.0,Personal Loan,12,740,331035.11,Mortgaged,4,5.58,0.38,331035.11,0,0
Divya Agarwal,61,Male,Married,Post Graduate,Freelancer,1,531000.0,44250.0,18236.96,0.34,1,2678000.0,Business Loan,120,612,205264.54,Mortgaged,0,0.92,0.34,205264.54,0,0
Neha Gupta,53,Male,Divorced,Graduate,Freelancer,1,809000.0,67416.67,2091.06,0.47,3,1661000.0,Education Loan,120,657,248626.13,Rented,4,0.24,0.47,248626.13,1,0
Rohan Mehta,58,Female,Divorced,High School,Self-Employed,1,903000.0,75250.0,15709.72,0.58,3,2902000.0,Personal Loan,360,569,1738417.07,Owned,2,0.32,0.58,1738417.07,0,1
Aarav Sharma,21,Male,Divorced,High School,Salaried,0,476000.0,39666.67,16975.18,0.05,0,1959000.0,Medical Emergency,60,587,166351.36,Mortgaged,0,1.25,0.05,166351.36,0,0
Divya Agarwal,32,Female,Single,Post Graduate,Business,1,894000.0,74500.0,3118.72,0.88,1,4859000.0,Business Loan,180,862,1593137.13,Rented,0,0.4,0.88,1593137.13,0,1
Rahul Verma,52,Male,Divorced,Post Graduate,Freelancer,1,204000.0,17000.0,572.45,0.56,0,590000.0,Personal Loan,48,625,163204.58,Rented,2,0.76,0.56,163204.58,0,0
Siddharth Rao,28,Female,Married,Doctorate,Business,1,851000.0,70916.67,7455.12,0.9,1,1063000.0,Business Loan,24,818,402510.51,Owned,1,0.73,0.9,402510.51,0,1
Amit Kumar,28,Female,Single,High School,Self-Employed,1,180000.0,15000.0,3050.44,0.47,0,934000.0,Home Loan,36,886,366881.86,Rented,1,1.93,0.47,366881.86,0,1
Tanvi Bhatia,45,Male,Single,High School,Self-Employed,1,192000.0,16000.0,656.73,0.27,2,472000.0,Business Loan,12,531,331246.1,Rented,1,2.5,0.27,331246.1,1,0
Neha Gupta,64,Male,Married,Doctorate,Self-Employed,1,698000.0,58166.67,2479.43,0.14,0,3396000.0,Home Loan,12,705,173108.22,Owned,2,4.91,0.14,173108.22,0,1
Siddharth Rao,35,Female,Divorced,Graduate,Business,1,417000.0,34750.0,14346.29,0.12,0,2495000.0,Personal Loan,240,553,851646.1,Owned,4,0.71,0.12,851646.1,1,0
Amit Kumar,24,Male,Single,Doctorate,Salaried,0,262000.0,21833.33,1650.49,0.57,1,1315000.0,Car Loan,240,591,44738.47,Mortgaged,2,0.33,0.57,44738.47,0,1
Pooja Deshmukh,28,Male,Single,High School,Business,1,768000.0,64000.0,12845.13,0.18,1,2978000.0,Business Loan,48,538,1269863.55,Rented,3,1.17,0.18,1269863.55,1,0
Meera Pillai,46,Female,Single,Graduate,Business,1,408000.0,34000.0,5860.13,0.43,1,1646000.0,Business Loan,48,665,658434.7,Mortgaged,4,1.18,0.43,658434.7,0,1
Siddharth Rao,51,Female,Married,Doctorate,Business,1,308000.0,25666.67,10541.42,0.5,1,812000.0,Personal Loan,12,708,266514.3,Owned,3,3.05,0.5,266514.3,1,0
Aditya Joshi,40,Male,Married,High School,Self-Employed,1,1023000.0,85250.0,37364.3,0.14,1,4207000.0,Education Loan,360,673,2106443.33,Mortgaged,1,0.58,0.14,2106443.33,1,0
Kavya Reddy,33,Female,Married,Post Graduate,Self-Employed,1,912000.0,76000.0,8090.05,0.34,1,4158000.0,Education Loan,12,714,1630917.67,Rented,0,4.67,0.34,1630917.67,0,1
Manish Tiwari,35,Male,Divorced,Post Graduate,Freelancer,1,191000.0,15916.67,3882.97,0.21,2,135000.0,Home Loan,48,837,294902.22,Owned,1,0.42,0.21,294902.22,0,1
Aarav Sharma,47,Female,Divorced,Post Graduate,Self-Employed,1,287000.0,23916.67,3667.42,0.21,2,1410000.0,Education Loan,12,760,43793.6,Mortgaged,1,5.07,0.21,43793.6,0,1
Vikram Singh,39,Male,Divorced,High School,Salaried,0,268000.0,22333.33,3754.59,0.9,1,717000.0,Home Loan,120,873,220895.35,Owned,2,0.44,0.9,220895.35,0,1
Divya Agarwal,64,Female,Divorced,High School,Self-Employed,1,358000.0,29833.33,9493.93,0.56,0,1931000.0,Business Loan,120,720,227605.41,Mortgaged,4,0.86,0.56,227605.41,0,0
Siddharth Rao,35,Female,Divorced,High School,Self-Employed,1,291000.0,24250.0,1939.24,0.05,1,1269000.0,Business Loan,180,622,623268.66,Mortgaged,4,0.37,0.05,623268.66,1,0
Tanvi Bhatia,45,Female,Divorced,Post Graduate,Salaried,0,273000.0,22750.0,9589.34,0.18,2,1256000.0,Personal Loan,120,827,670955.15,Owned,3,0.88,0.18,670955.15,0,1
Rahul Verma,39,Female,Married,Graduate,Business,1,180000.0,15000.0,1415.37,0.67,2,437000.0,Home Loan,12,774,38799.7,Rented,4,2.52,0.67,38799.7,0,1
Neha Gupta,53,Female,Married,Doctorate,Business,1,180000.0,15000.0,3685.66,0.14,1,565000.0,Business Loan,48,822,88267.61,Owned,3,1.03,0.14,88267.61,0,1
Priya Patel,33,Female,Single,High School,Business,1,281000.0,23416.67,10028.14,0.12,1,403000.0,Car Loan,36,683,521750.74,Mortgaged,4,0.91,0.12,521750.74,0,1
Rahul Verma,28,Female,Divorced,Doctorate,Salaried,0,540000.0,45000.0,8734.3,0.64,1,2074000.0,Car Loan,36,755,123408.24,Rented,2,1.47,0.64,123408.24,0,1
Rohan Mehta,42,Female,Divorced,High School,Business,1,671000.0,55916.67,7483.34,0.14,2,1786000.0,Business Loan,240,855,314441.23,Rented,3,0.27,0.14,314441.23,1,0
Rahul Verma,56,Female,Divorced,Doctorate,Self-Employed,1,473000.0,39416.67,1720.31,0.24,1,1897000.0,Home Loan,240,714,1005146.65,Rented,1,0.24,0.24,1005146.65,0,1
Riya Sen,50,Female,Divorced,High School,Salaried,0,1144000.0,95333.33,27536.07,0.4,1,2906000.0,Car Loan,120,652,626682.12,Owned,3,0.54,0.4,626682.12,0,1
Karan Malhotra,23,Female,Single,High School,Salaried,0,230000.0,19166.67,1303.5,0.68,4,237000.0,Medical Emergency,120,651,469115.45,Rented,1,0.17,0.68,469115.45,0,1
Manish Tiwari,28,Male,Divorced,Graduate,Freelancer,1,322000.0,26833.33,9882.24,0.43,3,1109000.0,Car Loan,48,712,400255.49,Owned,0,1.23,0.43,400255.49,0,1
Priya Patel,43,Male,Single,Doctorate,Self-Employed,1,276000.0,23000.0,9822.79,0.2,0,460000.0,Personal Loan,36,560,55868.52,Owned,2,0.98,0.2,55868.52,1,0
Divya Agarwal,29,Male,Divorced,Post Graduate,Business,1,971000.0,80916.67,11642.88,0.7,0,4797000.0,Home Loan,180,683,1393651.14,Mortgaged,1,0.47,0.7,1393651.14,0,1
Aditya Joshi,24,Female,Single,Doctorate,Salaried,0,551000.0,45916.67,8563.42,0.18,1,2057000.0,Home Loan,24,806,799193.0,Owned,3,2.05,0.18,799193.0,0,1
Meera Pillai,62,Female,Married,High School,Freelancer,1,1648000.0,137333.33,40465.88,0.56,2,5112000.0,Personal Loan,60,741,1758642.6,Mortgaged,2,0.92,0.56,1758642.6,0,1
Siddharth Rao,36,Male,Married,High School,Self-Employed,1,626000.0,52166.67,1157.11,0.48,1,1238000.0,Education Loan,12,632,570210.0,Rented,2,2.0,0.48,570210.0,0,0
Riya Sen,22,Male,Single,Post Graduate,Business,1,678000.0,56500.0,24769.53,0.45,1,3418000.0,Education Loan,180,690,1052222.04,Owned,0,0.77,0.45,1052222.04,0,1
Rohan Mehta,56,Female,Divorced,Doctorate,Business,1,239000.0,19916.67,7358.37,0.51,2,328000.0,Education Loan,360,707,255281.72,Mortgaged,2,0.42,0.51,255281.72,0,1
Aarav Sharma,61,Male,Single,Post Graduate,Salaried,0,601000.0,50083.33,5622.89,0.46,0,3335000.0,Medical Emergency,48,769,455285.14,Rented,4,1.5,0.46,455285.14,0,1
Ananya Iyer,54,Male,Single,High School,Freelancer,1,180000.0,15000.0,4009.79,0.21,0,952000.0,Business Loan,360,683,169096.28,Owned,3,0.44,0.21,169096.28,0,1
Aditya Joshi,52,Male,Married,Graduate,Freelancer,1,512000.0,42666.67,953.3,0.82,2,2452000.0,Personal Loan,48,592,846700.41,Mortgaged,4,1.22,0.82,846700.41,0,0
Divya Agarwal,63,Male,Divorced,Graduate,Freelancer,1,1108000.0,92333.33,37873.47,0.63,0,4217000.0,Home Loan,48,789,781956.66,Rented,2,1.36,0.63,781956.66,0,1
Aditya Joshi,25,Female,Married,High School,Freelancer,1,389000.0,32416.67,3676.03,0.47,0,1643000.0,Business Loan,180,814,584577.21,Owned,2,0.39,0.47,584577.21,0,1
Pooja Deshmukh,51,Female,Married,Graduate,Freelancer,1,315000.0,26250.0,754.08,0.94,0,1267000.0,Education Loan,60,643,527526.42,Mortgaged,2,0.83,0.94,527526.42,0,0
Vikram Singh,27,Male,Single,Doctorate,Business,1,350000.0,29166.67,8934.92,0.7,3,1437000.0,Education Loan,60,695,796805.71,Rented,3,1.13,0.7,796805.71,0,1
Priya Patel,49,Male,Married,Post Graduate,Freelancer,1,597000.0,49750.0,20294.86,0.65,1,1964000.0,Personal Loan,360,885,319231.46,Owned,3,0.52,0.65,319231.46,0,1
Aditya Joshi,55,Male,Divorced,High School,Salaried,0,219000.0,18250.0,1825.26,0.25,3,1159000.0,Car Loan,120,517,217256.29,Mortgaged,1,0.63,0.25,217256.29,0,0
Riya Sen,47,Male,Divorced,Graduate,Freelancer,1,1006000.0,83833.33,33553.6,0.5,2,5303000.0,Car Loan,360,645,820950.13,Owned,4,0.58,0.5,820950.13,0,0
Vikram Singh,21,Male,Single,High School,Freelancer,1,775000.0,64583.33,28690.25,0.85,1,4593000.0,Personal Loan,120,635,1681552.73,Owned,4,1.04,0.85,1681552.73,0,1
Riya Sen,52,Female,Divorced,Post Graduate,Business,1,244000.0,20333.33,5805.66,0.05,1,489000.0,Personal Loan,36,677,311096.34,Owned,3,0.95,0.05,311096.34,0,1
Divya Agarwal,46,Female,Married,Doctorate,Freelancer,1,687000.0,57250.0,9875.19,0.08,3,1097000.0,Education Loan,12,568,1539440.14,Mortgaged,1,1.77,0.08,1539440.14,0,0
Kavya Reddy,33,Male,Divorced,High School,Business,1,585000.0,48750.0,2828.42,0.4,1,2187000.0,Personal Loan,24,694,1215176.74,Rented,0,1.93,0.4,1215176.74,0,1
Karan Malhotra,30,Female,Married,Post Graduate,Business,1,420000.0,35000.0,15689.19,0.49,3,1943000.0,Personal Loan,180,693,61277.73,Owned,0,0.76,0.49,61277.73,0,0
Vikram Singh,35,Male,Divorced,Graduate,Self-Employed,1,411000.0,34250.0,1898.23,0.69,1,1996000.0,Car Loan,60,767,801860.67,Mortgaged,3,1.03,0.69,801860.67,1,0
Priya Patel,21,Male,Divorced,Graduate,Salaried,0,308000.0,25666.67,7966.61,0.43,0,798000.0,Business Loan,60,673,381473.77,Owned,2,0.83,0.43,381473.77,0,1
Aarav Sharma,21,Female,Married,Graduate,Business,1,273000.0,22750.0,6375.89,0.68,0,765000.0,Home Loan,360,796,498235.63,Owned,2,0.37,0.68,498235.63,0,1
Ananya Iyer,35,Female,Single,Post Graduate,Business,1,232000.0,19333.33,7234.04,0.93,2,573000.0,Car Loan,60,519,112496.02,Mortgaged,1,0.87,0.93,112496.02,1,0
Rohan Mehta,58,Female,Married,Post Graduate,Salaried,0,450000.0,37500.0,215.15,0.13,2,498000.0,Business Loan,240,603,206076.05,Owned,0,0.06,0.13,206076.05,0,1
Rahul Verma,22,Male,Married,Post Graduate,Freelancer,1,264000.0,22000.0,9787.79,0.32,0,806000.0,Home Loan,36,600,580255.39,Rented,0,1.46,0.32,580255.39,0,0
Amit Kumar,30,Female,Divorced,Graduate,Salaried,0,301000.0,25083.33,9608.44,0.85,3,167000.0,Personal Loan,36,763,267524.58,Rented,3,0.57,0.85,267524.58,0,1
Aditya Joshi,54,Male,Married,High School,Self-Employed,1,355000.0,29583.33,1515.39,0.41,1,1069000.0,Car Loan,240,604,717014.03,Mortgaged,0,0.2,0.41,717014.03,0,1
Neha Gupta,60,Male,Single,Graduate,Self-Employed,1,180000.0,15000.0,700.06,0.87,2,568000.0,Business Loan,240,504,96304.56,Rented,4,0.2,0.87,96304.56,1,0
Tanvi Bhatia,64,Male,Divorced,Post Graduate,Freelancer,1,502000.0,41833.33,17326.49,0.15,1,1387000.0,Home Loan,24,665,365391.18,Rented,0,1.8,0.15,365391.18,1,0
Deepak Choudhury,32,Male,Divorced,High School,Salaried,0,400000.0,33333.33,6492.72,0.7,2,1260000.0,Medical Emergency,180,705,182708.27,Mortgaged,3,0.4,0.7,182708.27,0,1
Tanvi Bhatia,52,Male,Single,Post Graduate,Freelancer,1,493000.0,41083.33,15748.97,0.83,2,449000.0,Car Loan,120,563,334323.2,Rented,1,0.47,0.83,334323.2,0,1
Siddharth Rao,22,Female,Single,Graduate,Freelancer,1,562000.0,46833.33,9361.28,0.57,1,553000.0,Car Loan,240,621,482503.79,Rented,2,0.25,0.57,482503.79,0,1
Aarav Sharma,43,Male,Married,Doctorate,Salaried,0,595000.0,49583.33,12430.98,0.05,2,595000.0,Business Loan,60,745,1330578.36,Mortgaged,2,0.45,0.05,1330578.36,0,1
Karan Malhotra,43,Female,Married,Graduate,Self-Employed,1,695000.0,57916.67,22005.02,0.35,2,3281000.0,Business Loan,240,714,1264885.66,Rented,1,0.62,0.35,1264885.66,0,1
Ananya Iyer,36,Male,Divorced,Post Graduate,Salaried,0,633000.0,52750.0,8102.96,0.8,1,3674000.0,Education Loan,360,749,856299.74,Mortgaged,2,0.35,0.8,856299.74,0,1
Neha Gupta,52,Female,Single,Doctorate,Salaried,0,542000.0,45166.67,5168.43,0.23,1,631000.0,Car Loan,48,753,648725.45,Owned,2,0.41,0.23,648725.45,0,1
Ananya Iyer,47,Female,Single,Graduate,Freelancer,1,245000.0,20416.67,4202.25,0.58,1,802000.0,Car Loan,12,813,336354.24,Owned,1,3.48,0.58,336354.24,0,1
Divya Agarwal,46,Female,Divorced,Post Graduate,Self-Employed,1,534000.0,44500.0,14628.16,0.17,0,1405000.0,Business Loan,120,708,699467.53,Rented,0,0.59,0.17,699467.53,0,1
Tanvi Bhatia,54,Male,Married,Doctorate,Business,1,704000.0,58666.67,25620.98,0.46,2,868000.0,Car Loan,360,780,575443.63,Mortgaged,2,0.48,0.46,575443.63,0,1
Amit Kumar,57,Male,Single,Post Graduate,Business,1,372000.0,31000.0,9578.23,0.88,2,457000.0,Medical Emergency,36,595,487076.06,Mortgaged,1,0.72,0.88,487076.06,0,0
Ananya Iyer,57,Female,Divorced,Doctorate,Freelancer,1,349000.0,29083.33,8824.16,0.85,1,1199000.0,Car Loan,12,642,472738.64,Owned,3,3.74,0.85,472738.64,0,0
Priya Patel,49,Male,Single,High School,Self-Employed,1,315000.0,26250.0,11617.98,0.67,2,411000.0,Home Loan,60,696,185724.68,Mortgaged,1,0.7,0.67,185724.68,1,0
Karan Malhotra,50,Male,Divorced,Post Graduate,Freelancer,1,304000.0,25333.33,2708.59,0.76,2,1488000.0,Education Loan,12,754,706363.32,Rented,4,5.0,0.76,706363.32,0,1
Amit Kumar,32,Male,Single,High School,Self-Employed,1,672000.0,56000.0,15638.15,0.75,2,3552000.0,Personal Loan,120,765,1285037.71,Mortgaged,3,0.81,0.75,1285037.71,0,1
Rohan Mehta,50,Male,Married,Doctorate,Self-Employed,1,288000.0,24000.0,10621.3,0.12,0,1669000.0,Medical Emergency,360,512,111297.35,Owned,3,0.64,0.12,111297.35,1,0
Meera Pillai,48,Female,Single,Post Graduate,Business,1,496000.0,41333.33,105.0,0.47,1,2805000.0,Home Loan,36,731,1155039.06,Mortgaged,2,1.89,0.47,1155039.06,1,0
Tanvi Bhatia,35,Female,Married,High School,Salaried,0,881000.0,73416.67,25902.44,0.34,1,1506000.0,Personal Loan,360,652,232252.33,Mortgaged,4,0.41,0.34,232252.33,0,1
Meera Pillai,30,Female,Single,High School,Self-Employed,1,481000.0,40083.33,15934.27,0.65,0,1116000.0,Education Loan,48,520,1145135.87,Mortgaged,4,0.98,0.65,1145135.87,1,0
Meera Pillai,39,Male,Single,High School,Freelancer,1,334000.0,27833.33,3010.36,0.63,2,1854000.0,Personal Loan,12,536,580533.17,Rented,0,5.66,0.63,580533.17,1,0
Ananya Iyer,41,Female,Married,High School,Salaried,0,219000.0,18250.0,7484.35,0.79,0,561000.0,Business Loan,240,421,277764.56,Rented,3,0.54,0.79,277764.56,1,0
Rohan Mehta,59,Female,Divorced,Graduate,Salaried,0,375000.0,31250.0,2353.99,0.91,2,1297000.0,Home Loan,24,590,227203.33,Mortgaged,3,1.8,0.91,227203.33,0,0
Divya Agarwal,62,Male,Single,Doctorate,Salaried,0,246000.0,20500.0,6890.07,0.19,0,744000.0,Education Loan,12,599,76272.34,Owned,3,3.36,0.19,76272.34,0,0
Aditya Joshi,34,Male,Divorced,Post Graduate,Business,1,267000.0,22250.0,4081.42,0.46,2,727000.0,Education Loan,12,596,276292.8,Owned,3,2.91,0.46,276292.8,0,0
Tanvi Bhatia,29,Male,Divorced,Graduate,Salaried,0,323000.0,26916.67,4332.64,0.5,0,676000.0,Medical Emergency,60,678,502509.84,Rented,1,0.58,0.5,502509.84,0,1
Karan Malhotra,63,Female,Married,Graduate,Freelancer,1,470000.0,39166.67,2755.2,0.25,1,2165000.0,Business Loan,60,578,1130031.45,Owned,1,0.99,0.25,1130031.45,0,0
Pooja Deshmukh,52,Male,Divorced,Post Graduate,Salaried,0,513000.0,42750.0,803.61,0.57,2,1368000.0,Business Loan,24,687,426435.75,Mortgaged,3,1.35,0.57,426435.75,0,1
Pooja Deshmukh,34,Male,Married,Post Graduate,Self-Employed,1,713000.0,59416.67,4919.51,0.61,0,1348000.0,Home Loan,36,567,1219477.4,Mortgaged,0,0.71,0.61,1219477.4,1,0
Meera Pillai,39,Female,Divorced,Graduate,Business,1,532000.0,44333.33,13400.12,0.28,1,844000.0,Business Loan,240,668,1268126.15,Rented,0,0.38,0.28,1268126.15,0,1
Kavya Reddy,24,Male,Married,Graduate,Self-Employed,1,270000.0,22500.0,3217.58,0.46,3,1050000.0,Education Loan,36,665,393477.7,Rented,3,1.44,0.46,393477.7,0,1
Divya Agarwal,63,Male,Single,High School,Self-Employed,1,492000.0,41000.0,14495.43,0.69,1,1980000.0,Education Loan,120,646,207788.33,Mortgaged,1,0.76,0.69,207788.33,0,0
Riya Sen,21,Female,Married,High School,Business,1,229000.0,19083.33,4181.87,0.15,1,928000.0,Home Loan,60,660,494849.02,Owned,1,1.03,0.15,494849.02,0,1
Rohan Mehta,54,Female,Divorced,Graduate,Salaried,0,411000.0,34250.0,13749.57,0.81,1,1633000.0,Business Loan,180,780,799839.13,Owned,3,0.67,0.81,799839.13,0,1
Meera Pillai,30,Female,Divorced,Doctorate,Self-Employed,1,180000.0,15000.0,2469.28,0.25,3,854000.0,Medical Emergency,60,676,75836.7,Mortgaged,4,1.11,0.25,75836.7,0,0
Siddharth Rao,35,Female,Divorced,Graduate,Self-Employed,1,371000.0,30916.67,11797.55,0.78,2,1438000.0,Personal Loan,360,539,162086.06,Owned,0,0.51,0.78,162086.06,0,0
Vikram Singh,23,Female,Married,Graduate,Self-Employed,1,465000.0,38750.0,13278.17,0.26,1,909000.0,Personal Loan,12,759,792641.53,Mortgaged,3,2.3,0.26,792641.53,0,1
Pooja Deshmukh,43,Female,Married,Doctorate,Salaried,0,343000.0,28583.33,513.27,0.63,2,366000.0,Business Loan,60,783,721566.85,Rented,1,0.23,0.63,721566.85,0,1
Manish Tiwari,28,Male,Married,Doctorate,Business,1,768000.0,64000.0,16925.15,0.86,2,713000.0,Education Loan,180,619,1869632.92,Owned,1,0.33,0.86,1869632.92,0,1
Pooja Deshmukh,62,Female,Married,Doctorate,Salaried,0,1486000.0,123833.33,27964.87,0.18,0,2096000.0,Home Loan,360,515,2443496.38,Owned,2,0.27,0.18,2443496.38,0,0
Tanvi Bhatia,23,Male,Divorced,Post Graduate,Freelancer,1,2035000.0,169583.33,61902.61,0.7,0,6407000.0,Car Loan,240,696,1232578.1,Owned,4,0.52,0.7,1232578.1,0,1
Divya Agarwal,52,Male,Single,Graduate,Self-Employed,1,249000.0,20750.0,5354.93,0.2,1,987000.0,Home Loan,36,718,58313.01,Rented,2,1.58,0.2,58313.01,0,0
Deepak Choudhury,52,Female,Divorced,Graduate,Business,1,543000.0,45250.0,19288.46,0.24,2,2083000.0,Car Loan,240,631,276582.63,Rented,4,0.62,0.24,276582.63,0,0
Manish Tiwari,41,Male,Divorced,High School,Self-Employed,1,254000.0,21166.67,6897.88,0.36,3,760000.0,Business Loan,24,785,165494.48,Rented,4,1.82,0.36,165494.48,0,1
Aarav Sharma,45,Male,Divorced,Doctorate,Self-Employed,1,327000.0,27250.0,7425.08,0.21,2,1785000.0,Business Loan,12,730,721560.27,Mortgaged,0,5.73,0.21,721560.27,0,1
Ananya Iyer,58,Male,Married,Post Graduate,Salaried,0,1309000.0,109083.33,44029.96,0.75,1,5329000.0,Business Loan,180,711,1294477.8,Owned,3,0.68,0.75,1294477.8,0,1
Divya Agarwal,64,Male,Married,Doctorate,Business,1,227000.0,18916.67,5014.27,0.72,3,1064000.0,Medical Emergency,24,604,254506.62,Rented,3,2.61,0.72,254506.62,0,0
Kavya Reddy,46,Male,Married,Doctorate,Business,1,383000.0,31916.67,2714.81,0.69,0,1854000.0,Business Loan,360,646,146608.05,Owned,0,0.25,0.69,146608.05,0,1
Rohan Mehta,38,Female,Married,High School,Salaried,0,700000.0,58333.33,4062.94,0.64,1,1326000.0,Business Loan,180,793,1018646.0,Mortgaged,4,0.2,0.64,1018646.0,0,1
Siddharth Rao,64,Male,Married,Doctorate,Self-Employed,1,564000.0,47000.0,7830.0,0.55,1,1069000.0,Education Loan,120,677,1104349.65,Rented,1,0.36,0.55,1104349.65,0,1
Ananya Iyer,22,Male,Married,Post Graduate,Salaried,0,254000.0,21166.67,2042.71,0.41,2,600000.0,Business Loan,12,725,123385.89,Mortgaged,2,2.46,0.41,123385.89,1,0
Rahul Verma,24,Male,Married,Doctorate,Salaried,0,362000.0,30166.67,869.89,0.25,1,340000.0,Home Loan,180,718,844779.12,Rented,0,0.09,0.25,844779.12,0,1
Deepak Choudhury,34,Female,Divorced,Graduate,Self-Employed,1,393000.0,32750.0,9436.29,0.45,1,632000.0,Medical Emergency,360,707,309061.34,Owned,1,0.34,0.45,309061.34,0,1
Deepak Choudhury,53,Male,Divorced,Post Graduate,Salaried,0,352000.0,29333.33,4748.57,0.64,1,2065000.0,Home Loan,60,577,693867.65,Rented,4,1.34,0.64,693867.65,1,0
Siddharth Rao,28,Male,Divorced,Graduate,Salaried,0,383000.0,31916.67,13201.69,0.54,2,1721000.0,Business Loan,120,588,357699.1,Rented,1,0.86,0.54,357699.1,0,0
Rohan Mehta,58,Female,Married,Graduate,Business,1,677000.0,56416.67,4443.7,0.51,0,2419000.0,Business Loan,60,640,620076.59,Owned,2,0.79,0.51,620076.59,0,0
Aditya Joshi,23,Female,Divorced,Doctorate,Freelancer,1,689000.0,57416.67,14550.87,0.74,0,3215000.0,Car Loan,240,735,1551391.79,Owned,0,0.49,0.74,1551391.79,0,1
Aditya Joshi,39,Male,Married,Post Graduate,Self-Employed,1,551000.0,45916.67,16533.34,0.42,0,1346000.0,Business Loan,12,845,981862.45,Rented,0,2.8,0.42,981862.45,0,1
Rahul Verma,53,Female,Divorced,High School,Salaried,0,180000.0,15000.0,3743.22,0.21,1,401000.0,Personal Loan,60,653,96962.88,Mortgaged,2,0.7,0.21,96962.88,0,0
Rohan Mehta,34,Female,Divorced,Post Graduate,Self-Employed,1,782000.0,65166.67,21566.46,0.84,1,1280000.0,Personal Loan,48,833,1647832.98,Rented,4,0.74,0.84,1647832.98,0,1
Ananya Iyer,50,Male,Single,Doctorate,Salaried,0,180000.0,15000.0,5158.65,0.54,2,132000.0,Car Loan,120,635,286128.35,Rented,3,0.42,0.54,286128.35,0,1
Manish Tiwari,57,Female,Married,Post Graduate,Business,1,254000.0,21166.67,3789.8,0.73,0,306000.0,Business Loan,180,701,316983.92,Mortgaged,4,0.26,0.73,316983.92,1,0
Pooja Deshmukh,29,Female,Divorced,Post Graduate,Freelancer,1,794000.0,66166.67,29075.5,0.68,2,2406000.0,Medical Emergency,12,725,101924.15,Owned,3,3.47,0.68,101924.15,0,1
Ananya Iyer,32,Female,Married,High School,Self-Employed,1,226000.0,18833.33,4649.07,0.26,1,699000.0,Business Loan,120,670,221077.26,Rented,4,0.56,0.26,221077.26,0,1
Divya Agarwal,58,Female,Married,Doctorate,Business,1,1183000.0,98583.33,19995.46,0.56,0,6963000.0,Medical Emergency,48,746,2429950.13,Mortgaged,3,1.67,0.56,2429950.13,0,1
Kavya Reddy,48,Female,Married,Post Graduate,Self-Employed,1,684000.0,57000.0,20520.96,0.71,1,2121000.0,Home Loan,36,619,760368.33,Owned,1,1.39,0.71,760368.33,0,1
Deepak Choudhury,47,Female,Married,High School,Business,1,454000.0,37833.33,9570.41,0.56,1,1222000.0,Medical Emergency,36,832,110815.64,Rented,0,1.15,0.56,110815.64,0,1
Ananya Iyer,38,Female,Divorced,High School,Business,1,340000.0,28333.33,4602.27,0.55,0,1913000.0,Education Loan,120,481,50185.63,Owned,2,0.73,0.55,50185.63,1,0
Tanvi Bhatia,62,Male,Divorced,Post Graduate,Business,1,190000.0,15833.33,2530.15,0.66,1,604000.0,Medical Emergency,240,672,424672.4,Rented,0,0.32,0.66,424672.4,0,1
Karan Malhotra,33,Male,Single,High School,Freelancer,1,887000.0,73916.67,20997.73,0.56,0,4585000.0,Home Loan,24,690,433564.51,Owned,2,2.87,0.56,433564.51,0,1
Sneha Nair,40,Female,Divorced,Doctorate,Business,1,367000.0,30583.33,12216.86,0.75,2,2078000.0,Medical Emergency,360,612,887135.33,Rented,2,0.59,0.75,887135.33,0,0
Aarav Sharma,61,Male,Divorced,Post Graduate,Business,1,277000.0,23083.33,9768.79,0.68,1,260000.0,Personal Loan,180,662,96180.59,Owned,2,0.49,0.68,96180.59,0,1
Riya Sen,59,Male,Single,Doctorate,Salaried,0,341000.0,28416.67,1328.98,0.61,1,329000.0,Car Loan,60,686,221804.91,Mortgaged,2,0.24,0.61,221804.91,0,1
Vikram Singh,33,Male,Divorced,Post Graduate,Salaried,0,1076000.0,89666.67,1418.5,0.37,2,5955000.0,Car Loan,240,616,2625392.34,Mortgaged,4,0.29,0.37,2625392.34,0,1
Meera Pillai,53,Female,Single,Post Graduate,Freelancer,1,331000.0,27583.33,7832.88,0.62,0,1192000.0,Business Loan,360,693,279094.96,Rented,0,0.4,0.62,279094.96,0,1
Kavya Reddy,40,Male,Married,High School,Business,1,289000.0,24083.33,4467.26,0.19,1,161000.0,Business Loan,36,710,267418.58,Rented,1,0.37,0.19,267418.58,0,1
Riya Sen,57,Female,Married,Graduate,Freelancer,1,390000.0,32500.0,11670.23,0.59,1,1904000.0,Business Loan,120,591,215502.44,Mortgaged,1,0.85,0.59,215502.44,0,0
Kavya Reddy,35,Male,Divorced,Doctorate,Freelancer,1,323000.0,26916.67,2671.93,0.12,3,1272000.0,Business Loan,60,815,252981.5,Mortgaged,1,0.89,0.12,252981.5,0,1
Aditya Joshi,29,Female,Single,Graduate,Self-Employed,1,784000.0,65333.33,4016.75,0.15,1,2355000.0,Car Loan,60,705,1396409.24,Rented,1,0.66,0.15,1396409.24,0,1
Aarav Sharma,49,Male,Single,Graduate,Self-Employed,1,458000.0,38166.67,16699.81,0.3,0,544000.0,Car Loan,12,612,301705.3,Owned,0,1.63,0.3,301705.3,1,0
Rohan Mehta,61,Female,Married,High School,Freelancer,1,180000.0,15000.0,6736.25,0.47,1,874000.0,Education Loan,24,621,382412.0,Owned,1,2.88,0.47,382412.0,1,0
Siddharth Rao,57,Male,Divorced,Doctorate,Self-Employed,1,487000.0,40583.33,3509.91,0.81,1,2433000.0,Home Loan,24,587,1187810.73,Mortgaged,0,2.58,0.81,1187810.73,0,0
Karan Malhotra,58,Male,Divorced,Graduate,Self-Employed,1,587000.0,48916.67,10144.12,0.74,1,1976000.0,Personal Loan,240,756,606896.43,Rented,0,0.38,0.74,606896.43,0,1
Neha Gupta,58,Male,Divorced,Graduate,Business,1,377000.0,31416.67,6803.38,0.32,4,936000.0,Home Loan,48,809,918318.37,Owned,2,0.84,0.32,918318.37,0,1
Amit Kumar,52,Male,Single,High School,Salaried,0,968000.0,80666.67,14367.84,0.27,2,5642000.0,Business Loan,240,530,1696106.07,Owned,3,0.47,0.27,1696106.07,1,0
Rahul Verma,57,Male,Single,Doctorate,Salaried,0,347000.0,28916.67,8925.86,0.35,2,2024000.0,Medical Emergency,12,691,84480.73,Mortgaged,1,6.14,0.35,84480.73,0,0
Meera Pillai,38,Male,Single,Doctorate,Self-Employed,1,190000.0,15833.33,2256.77,0.55,0,769000.0,Education Loan,240,789,353334.11,Owned,2,0.34,0.55,353334.11,0,1
Pooja Deshmukh,58,Male,Married,Graduate,Freelancer,1,472000.0,39333.33,12507.28,0.55,2,1645000.0,Car Loan,48,787,689159.72,Mortgaged,3,1.19,0.55,689159.72,0,1
Karan Malhotra,25,Female,Divorced,Post Graduate,Salaried,0,227000.0,18916.67,4521.31,0.45,0,1137000.0,Business Loan,120,688,270082.23,Mortgaged,2,0.74,0.45,270082.23,0,0
Neha Gupta,47,Male,Divorced,High School,Self-Employed,1,379000.0,31583.33,4557.86,0.11,0,2206000.0,Car Loan,48,823,514593.86,Rented,4,1.6,0.11,514593.86,0,1
Vikram Singh,57,Female,Married,Doctorate,Business,1,418000.0,34833.33,1731.53,0.52,4,362000.0,Personal Loan,36,700,918087.95,Owned,3,0.34,0.52,918087.95,0,1
Rohan Mehta,37,Male,Single,Doctorate,Freelancer,1,180000.0,15000.0,3549.29,0.68,1,343000.0,Education Loan,48,578,279771.97,Owned,0,0.71,0.68,279771.97,0,0
Riya Sen,33,Male,Married,Graduate,Business,1,1137000.0,94750.0,23792.57,0.89,2,3170000.0,Education Loan,12,702,2361256.93,Rented,4,3.04,0.89,2361256.93,0,1
Rahul Verma,41,Female,Single,Post Graduate,Salaried,0,208000.0,17333.33,789.56,0.26,2,545000.0,Personal Loan,360,602,348712.76,Mortgaged,3,0.13,0.26,348712.76,0,1
Neha Gupta,44,Female,Divorced,Graduate,Business,1,323000.0,26916.67,8169.79,0.68,2,920000.0,Home Loan,36,730,646616.23,Mortgaged,0,1.25,0.68,646616.23,0,1
Amit Kumar,44,Male,Divorced,Doctorate,Business,1,212000.0,17666.67,7174.76,0.55,1,1268000.0,Education Loan,180,724,410017.01,Rented,0,0.8,0.55,410017.01,0,1
Amit Kumar,57,Male,Divorced,Post Graduate,Freelancer,1,180000.0,15000.0,5168.53,0.88,4,342000.0,Car Loan,240,701,432644.15,Owned,4,0.44,0.88,432644.15,0,1
Sneha Nair,31,Male,Divorced,Post Graduate,Business,1,294000.0,24500.0,72.42,0.94,2,494000.0,Education Loan,12,686,573786.68,Mortgaged,0,1.68,0.94,573786.68,0,1
Meera Pillai,39,Male,Single,Graduate,Freelancer,1,256000.0,21333.33,3414.29,0.17,2,645000.0,Business Loan,48,682,168751.6,Rented,3,0.79,0.17,168751.6,0,0
Siddharth Rao,58,Male,Divorced,Graduate,Business,1,2200000.0,183333.33,65414.59,0.21,1,11091000.0,Medical Emergency,24,766,3362820.75,Rented,0,2.88,0.21,3362820.75,1,0
Manish Tiwari,37,Female,Single,Graduate,Business,1,906000.0,75500.0,11820.93,0.79,3,2529000.0,Home Loan,48,649,1716352.47,Mortgaged,0,0.85,0.79,1716352.47,0,0
Siddharth Rao,28,Male,Married,Graduate,Business,1,394000.0,32833.33,7977.46,0.18,2,1286000.0,Personal Loan,36,782,87171.54,Mortgaged,2,1.33,0.18,87171.54,0,1
Karan Malhotra,25,Male,Single,Doctorate,Business,1,1794000.0,149500.0,52902.93,0.18,1,4214000.0,Car Loan,12,697,2539525.0,Rented,4,2.7,0.18,2539525.0,0,1
Deepak Choudhury,42,Female,Divorced,Post Graduate,Self-Employed,1,783000.0,65250.0,14121.09,0.23,0,2094000.0,Business Loan,48,779,1132846.17,Mortgaged,4,0.88,0.23,1132846.17,0,1
Kavya Reddy,36,Male,Married,Doctorate,Business,1,322000.0,26833.33,8268.21,0.57,4,360000.0,Car Loan,180,771,314478.84,Owned,1,0.38,0.57,314478.84,0,1
Tanvi Bhatia,60,Male,Married,Post Graduate,Business,1,684000.0,57000.0,15806.07,0.94,1,2006000.0,Personal Loan,240,726,142070.99,Owned,4,0.42,0.94,142070.99,0,1
Pooja Deshmukh,29,Male,Divorced,Graduate,Salaried,0,628000.0,52333.33,17417.15,0.27,1,2459000.0,Personal Loan,60,720,83498.82,Mortgaged,0,1.12,0.27,83498.82,0,0
Sneha Nair,54,Female,Married,Graduate,Business,1,401000.0,33416.67,3142.98,0.53,1,650000.0,Business Loan,60,612,568265.17,Mortgaged,2,0.42,0.53,568265.17,0,1
Vikram Singh,28,Male,Married,Graduate,Business,1,472000.0,39333.33,3014.66,0.31,1,2285000.0,Business Loan,60,667,107334.97,Mortgaged,4,1.04,0.31,107334.97,0,0
Rahul Verma,39,Female,Divorced,High School,Business,1,180000.0,15000.0,5833.91,0.07,0,949000.0,Medical Emergency,180,699,117864.84,Rented,1,0.74,0.07,117864.84,0,0
Ananya Iyer,62,Female,Married,Graduate,Self-Employed,1,408000.0,34000.0,3042.79,0.92,0,1462000.0,Medical Emergency,12,534,79725.55,Mortgaged,1,3.67,0.92,79725.55,1,0
Riya Sen,33,Female,Divorced,Post Graduate,Salaried,0,228000.0,19000.0,2964.97,0.37,2,898000.0,Personal Loan,360,737,173760.59,Owned,2,0.29,0.37,173760.59,0,1
Siddharth Rao,49,Male,Divorced,High School,Self-Employed,1,882000.0,73500.0,5017.75,0.86,1,3628000.0,Home Loan,180,705,1190455.53,Mortgaged,4,0.34,0.86,1190455.53,0,1
Kavya Reddy,41,Female,Single,Post Graduate,Freelancer,1,347000.0,28916.67,12629.12,0.87,1,802000.0,Business Loan,36,555,206887.46,Owned,1,1.21,0.87,206887.46,1,0
Rohan Mehta,30,Male,Married,Post Graduate,Freelancer,1,505000.0,42083.33,18855.8,0.93,2,656000.0,Business Loan,36,796,435305.41,Mortgaged,3,0.88,0.93,435305.41,0,1
Ananya Iyer,44,Male,Married,Post Graduate,Salaried,0,606000.0,50500.0,17394.51,0.84,0,1683000.0,Car Loan,60,523,704905.73,Mortgaged,2,0.9,0.84,704905.73,1,0
Aditya Joshi,43,Male,Single,Graduate,Self-Employed,1,291000.0,24250.0,2016.05,0.74,0,1125000.0,Education Loan,48,820,445598.31,Owned,1,1.05,0.74,445598.31,0,1
Pooja Deshmukh,38,Male,Divorced,Doctorate,Self-Employed,1,618000.0,51500.0,11641.37,0.59,0,2729000.0,Education Loan,36,753,1325678.37,Rented,0,1.7,0.59,1325678.37,0,1
Neha Gupta,35,Male,Single,Graduate,Freelancer,1,676000.0,56333.33,19381.06,0.06,3,1341000.0,Car Loan,48,763,1272015.67,Owned,4,0.84,0.06,1272015.67,0,1
Rahul Verma,64,Male,Married,Doctorate,Business,1,264000.0,22000.0,8581.07,0.85,0,753000.0,Home Loan,180,781,482719.3,Rented,0,0.58,0.85,482719.3,0,1
Manish Tiwari,63,Male,Divorced,Graduate,Freelancer,1,685000.0,57083.33,11736.63,0.84,1,3650000.0,Personal Loan,360,636,952756.87,Mortgaged,2,0.38,0.84,952756.87,1,0
Siddharth Rao,33,Male,Single,High School,Freelancer,1,180000.0,15000.0,2686.77,0.32,2,909000.0,Car Loan,36,572,200503.66,Mortgaged,1,1.86,0.32,200503.66,1,0
Deepak Choudhury,49,Male,Married,Doctorate,Salaried,0,1134000.0,94500.0,30730.55,0.15,1,5424000.0,Medical Emergency,360,560,481650.64,Rented,4,0.48,0.15,481650.64,1,0
Aarav Sharma,41,Male,Married,Post Graduate,Freelancer,1,400000.0,33333.33,1352.69,0.34,0,1627000.0,Medical Emergency,36,697,729639.73,Owned,2,1.4,0.34,729639.73,0,1
Karan Malhotra,37,Female,Single,Doctorate,Self-Employed,1,562000.0,46833.33,7980.65,0.39,0,2656000.0,Education Loan,36,694,274872.98,Owned,3,1.75,0.39,274872.98,0,0
Priya Patel,39,Female,Married,High School,Freelancer,1,441000.0,36750.0,4775.71,0.21,2,2400000.0,Personal Loan,12,592,703017.85,Rented,1,5.57,0.21,703017.85,1,0
Riya Sen,34,Female,Divorced,Graduate,Freelancer,1,373000.0,31083.33,3327.32,0.58,1,1162000.0,Car Loan,240,709,108383.28,Mortgaged,1,0.26,0.58,108383.28,1,0
Meera Pillai,36,Female,Divorced,Post Graduate,Salaried,0,775000.0,64583.33,5371.91,0.1,3,1875000.0,Personal Loan,12,650,1318113.57,Mortgaged,4,2.5,0.1,1318113.57,0,1
Rahul Verma,54,Male,Single,Doctorate,Self-Employed,1,662000.0,55166.67,4005.15,0.31,0,2737000.0,Medical Emergency,360,665,348083.73,Rented,2,0.21,0.31,348083.73,0,1
Pooja Deshmukh,48,Male,Single,High School,Business,1,360000.0,30000.0,4975.69,0.39,1,314000.0,Car Loan,360,856,92095.95,Rented,2,0.19,0.39,92095.95,0,1
Aditya Joshi,55,Female,Divorced,Doctorate,Self-Employed,1,807000.0,67250.0,21057.54,0.6,2,889000.0,Medical Emergency,360,726,1992688.17,Rented,1,0.35,0.6,1992688.17,0,1
Tanvi Bhatia,33,Female,Married,High School,Business,1,180000.0,15000.0,3546.39,0.95,0,440000.0,Personal Loan,240,577,242512.91,Mortgaged,3,0.36,0.95,242512.91,1,0
Neha Gupta,34,Male,Divorced,High School,Self-Employed,1,388000.0,32333.33,23.0,0.07,1,1529000.0,Home Loan,48,442,783354.32,Rented,3,0.99,0.07,783354.32,1,0
Amit Kumar,44,Female,Divorced,Post Graduate,Salaried,0,641000.0,53416.67,15398.86,0.67,0,1217000.0,Home Loan,60,713,526056.9,Mortgaged,1,0.67,0.67,526056.9,0,1
Aarav Sharma,58,Male,Divorced,High School,Business,1,376000.0,31333.33,5584.29,0.56,0,2174000.0,Personal Loan,48,820,335856.58,Rented,0,1.62,0.56,335856.58,0,1
Riya Sen,60,Female,Single,Post Graduate,Freelancer,1,280000.0,23333.33,1631.56,0.46,1,1472000.0,Education Loan,240,692,554840.63,Rented,4,0.33,0.46,554840.63,0,1
Priya Patel,26,Female,Divorced,High School,Salaried,0,180000.0,15000.0,1405.77,0.67,1,882000.0,Education Loan,24,614,436872.94,Rented,3,2.54,0.67,436872.94,0,0
Amit Kumar,32,Female,Divorced,Post Graduate,Freelancer,1,488000.0,40666.67,3429.03,0.16,1,2344000.0,Education Loan,120,684,880164.63,Rented,2,0.56,0.16,880164.63,0,1
Riya Sen,28,Male,Married,Doctorate,Business,1,661000.0,55083.33,5357.57,0.32,1,739000.0,Home Loan,48,740,1515044.54,Rented,3,0.38,0.32,1515044.54,0,1
Riya Sen,60,Male,Single,High School,Freelancer,1,416000.0,34666.67,11426.08,0.52,2,1982000.0,Personal Loan,24,532,862423.1,Mortgaged,1,2.71,0.52,862423.1,1,0
Vikram Singh,60,Male,Divorced,Graduate,Freelancer,1,448000.0,37333.33,6511.48,0.83,1,509000.0,Education Loan,12,700,783518.67,Mortgaged,0,1.31,0.83,783518.67,0,1
Amit Kumar,37,Female,Single,Graduate,Business,1,297000.0,24750.0,250.37,0.73,0,1192000.0,Personal Loan,120,626,172655.97,Rented,1,0.41,0.73,172655.97,0,1
Amit Kumar,45,Female,Divorced,Graduate,Business,1,560000.0,46666.67,3135.74,0.3,0,327000.0,Business Loan,360,807,746897.53,Owned,4,0.09,0.3,746897.53,0,1
Meera Pillai,28,Female,Married,Post Graduate,Business,1,203000.0,16916.67,4370.21,0.2,1,449000.0,Education Loan,360,822,236445.13,Owned,0,0.33,0.2,236445.13,1,1
Priya Patel,58,Male,Married,Graduate,Salaried,0,378000.0,31500.0,6045.15,0.21,2,1428000.0,Business Loan,240,514,596921.27,Rented,0,0.38,0.21,596921.27,1,0
Rohan Mehta,25,Male,Married,Post Graduate,Salaried,0,180000.0,15000.0,5486.74,0.88,0,554000.0,Car Loan,60,678,313694.49,Mortgaged,0,0.98,0.88,313694.49,0,1
Riya Sen,58,Male,Single,Post Graduate,Business,1,180000.0,15000.0,6161.82,0.4,2,783000.0,Medical Emergency,120,696,358752.4,Rented,1,0.85,0.4,358752.4,0,1
Aarav Sharma,34,Male,Married,Graduate,Business,1,180000.0,15000.0,3230.9,0.81,0,369000.0,Education Loan,36,818,237434.26,Rented,4,0.9,0.81,237434.26,0,1
Ananya Iyer,28,Female,Divorced,Graduate,Business,1,579000.0,48250.0,11567.24,0.41,0,1606000.0,Business Loan,48,713,819329.95,Rented,0,0.93,0.41,819329.95,0,1
Amit Kumar,36,Male,Divorced,Doctorate,Freelancer,1,435000.0,36250.0,9252.63,0.36,2,1878000.0,Personal Loan,24,885,815399.19,Mortgaged,3,2.41,0.36,815399.19,0,1
Riya Sen,31,Male,Divorced,Doctorate,Business,1,725000.0,60416.67,15091.45,0.79,0,1065000.0,Car Loan,24,672,1113470.98,Mortgaged,1,0.98,0.79,1113470.98,0,1
Siddharth Rao,46,Female,Married,Graduate,Salaried,0,270000.0,22500.0,2203.32,0.18,1,997000.0,Medical Emergency,12,798,517586.36,Mortgaged,1,3.79,0.18,517586.36,0,1
Meera Pillai,54,Female,Married,Doctorate,Self-Employed,1,301000.0,25083.33,2321.41,0.84,2,647000.0,Medical Emergency,60,723,693625.57,Rented,0,0.52,0.84,693625.57,0,1
Pooja Deshmukh,63,Male,Divorced,Graduate,Freelancer,1,249000.0,20750.0,7914.81,0.82,2,210000.0,Business Loan,12,722,25403.96,Mortgaged,0,1.22,0.82,25403.96,0,0
Pooja Deshmukh,57,Male,Married,Graduate,Self-Employed,1,209000.0,17416.67,3383.57,0.58,1,823000.0,Medical Emergency,180,734,224565.98,Rented,2,0.46,0.58,224565.98,0,1
Neha Gupta,42,Female,Single,Post Graduate,Freelancer,1,340000.0,28333.33,10752.43,0.37,2,950000.0,Education Loan,36,674,143570.4,Owned,0,1.31,0.37,143570.4,0,0
Vikram Singh,47,Female,Divorced,Doctorate,Self-Employed,1,441000.0,36750.0,1400.12,0.63,1,1229000.0,Car Loan,180,735,703746.19,Rented,2,0.22,0.63,703746.19,0,1
Meera Pillai,40,Female,Married,High School,Self-Employed,1,421000.0,35083.33,2933.18,0.59,0,1549000.0,Medical Emergency,48,619,761636.15,Rented,0,1.0,0.59,761636.15,0,0
Meera Pillai,38,Female,Single,Graduate,Freelancer,1,180000.0,15000.0,4757.96,0.15,4,567000.0,Medical Emergency,24,824,79381.79,Mortgaged,2,1.89,0.15,79381.79,0,1
Aditya Joshi,31,Female,Divorced,Graduate,Salaried,0,273000.0,22750.0,2510.56,0.62,1,1133000.0,Medical Emergency,24,747,475505.3,Mortgaged,4,2.19,0.62,475505.3,0,1
Sneha Nair,61,Male,Married,Graduate,Freelancer,1,471000.0,39250.0,8019.39,0.87,1,1722000.0,Education Loan,180,732,446034.6,Rented,2,0.45,0.87,446034.6,0,1
Priya Patel,32,Female,Divorced,High School,Salaried,0,273000.0,22750.0,6442.46,0.57,2,997000.0,Medical Emergency,60,766,557288.51,Mortgaged,4,1.01,0.57,557288.51,1,0
Riya Sen,41,Male,Single,Graduate,Business,1,658000.0,54833.33,6219.36,0.6,2,1325000.0,Education Loan,12,728,1236664.94,Mortgaged,0,2.13,0.6,1236664.94,0,1
Manish Tiwari,39,Male,Divorced,Doctorate,Business,1,342000.0,28500.0,10360.56,0.29,1,1489000.0,Car Loan,36,687,690324.54,Owned,1,1.81,0.29,690324.54,0,1
Rahul Verma,35,Male,Divorced,Post Graduate,Freelancer,1,414000.0,34500.0,11686.62,0.42,0,1079000.0,Medical Emergency,240,773,762752.7,Owned,2,0.47,0.42,762752.7,0,1
Pooja Deshmukh,60,Male,Divorced,High School,Salaried,0,299000.0,24916.67,588.92,0.47,2,933000.0,Car Loan,360,789,197575.36,Mortgaged,4,0.13,0.47,197575.36,0,1
Riya Sen,43,Female,Single,Doctorate,Salaried,0,400000.0,33333.33,4331.88,0.77,1,1040000.0,Education Loan,360,739,695561.26,Owned,4,0.22,0.77,695561.26,0,1
Meera Pillai,26,Female,Married,High School,Business,1,285000.0,23750.0,2889.11,0.77,1,543000.0,Business Loan,180,587,343898.28,Mortgaged,2,0.25,0.77,343898.28,0,1
Manish Tiwari,42,Male,Divorced,High School,Self-Employed,1,665000.0,55416.67,7812.17,0.06,2,364000.0,Home Loan,12,576,722853.03,Mortgaged,1,0.69,0.06,722853.03,0,0
Kavya Reddy,50,Female,Married,Post Graduate,Salaried,0,906000.0,75500.0,805.22,0.13,1,5130000.0,Medical Emergency,48,591,2157343.19,Mortgaged,2,1.43,0.13,2157343.19,0,0
Ananya Iyer,56,Male,Divorced,Post Graduate,Freelancer,1,1062000.0,88500.0,26140.92,0.86,1,3837000.0,Personal Loan,24,525,1879281.98,Rented,1,2.1,0.86,1879281.98,0,0
Rahul Verma,30,Female,Married,Doctorate,Business,1,180000.0,15000.0,1737.02,0.75,2,365000.0,Home Loan,180,691,185871.06,Owned,3,0.25,0.75,185871.06,0,1
Aditya Joshi,45,Male,Married,Graduate,Freelancer,1,491000.0,40916.67,18033.61,0.23,2,1306000.0,Medical Emergency,240,584,176874.46,Mortgaged,0,0.57,0.23,176874.46,0,0
Rohan Mehta,61,Male,Married,High School,Salaried,0,215000.0,17916.67,281.07,0.11,0,968000.0,Car Loan,12,663,484100.39,Owned,2,4.52,0.11,484100.39,0,1
Aarav Sharma,26,Male,Divorced,Doctorate,Business,1,508000.0,42333.33,2888.12,0.35,2,1347000.0,Home Loan,360,724,913512.81,Rented,2,0.16,0.35,913512.81,0,1
Siddharth Rao,61,Male,Divorced,Post Graduate,Salaried,0,316000.0,26333.33,4555.42,0.67,2,1513000.0,Home Loan,360,580,740736.0,Rented,0,0.33,0.67,740736.0,0,1
Sneha Nair,32,Female,Single,Graduate,Business,1,289000.0,24083.33,5794.01,0.91,1,272000.0,Car Loan,60,848,478208.93,Owned,1,0.43,0.91,478208.93,0,1
Siddharth Rao,35,Male,Married,Doctorate,Salaried,0,180000.0,15000.0,4256.67,0.37,1,174000.0,Medical Emergency,240,692,335660.05,Owned,2,0.33,0.37,335660.05,1,0
Aarav Sharma,55,Male,Married,Doctorate,Salaried,0,427000.0,35583.33,12693.73,0.63,0,1387000.0,Car Loan,12,720,80661.34,Owned,2,3.6,0.63,80661.34,0,0
Priya Patel,49,Female,Single,Post Graduate,Freelancer,1,497000.0,41416.67,17520.92,0.83,1,1715000.0,Medical Emergency,48,798,1152820.3,Owned,0,1.29,0.83,1152820.3,0,1
Riya Sen,25,Male,Married,Graduate,Self-Employed,1,673000.0,56083.33,17698.98,0.17,0,974000.0,Home Loan,60,717,1392957.99,Owned,2,0.61,0.17,1392957.99,0,1
Neha Gupta,39,Male,Single,Graduate,Freelancer,1,243000.0,20250.0,5421.73,0.6,1,206000.0,Personal Loan,180,654,221038.5,Mortgaged,3,0.32,0.6,221038.5,0,1
Amit Kumar,64,Male,Divorced,Post Graduate,Business,1,671000.0,55916.67,21046.6,0.76,2,3156000.0,Business Loan,36,644,607395.2,Owned,2,1.94,0.76,607395.2,0,0
Divya Agarwal,36,Male,Divorced,High School,Self-Employed,1,450000.0,37500.0,7402.41,0.88,0,326000.0,Home Loan,180,689,884874.57,Owned,3,0.25,0.88,884874.57,0,1
Rahul Verma,53,Male,Single,Post Graduate,Salaried,0,180000.0,15000.0,4770.5,0.58,1,371000.0,Medical Emergency,240,716,317098.8,Owned,0,0.42,0.58,317098.8,0,1
Aditya Joshi,26,Female,Married,Post Graduate,Self-Employed,1,919000.0,76583.33,21040.66,0.08,1,1369000.0,Car Loan,24,601,1475233.91,Rented,2,1.02,0.08,1475233.91,0,0
Aarav Sharma,53,Male,Single,Graduate,Salaried,0,321000.0,26750.0,7450.26,0.83,1,1903000.0,Business Loan,48,526,389732.01,Mortgaged,1,1.76,0.83,389732.01,1,0
Aditya Joshi,50,Male,Single,Graduate,Self-Employed,1,612000.0,51000.0,15726.34,0.92,2,1903000.0,Personal Loan,36,666,1045505.5,Owned,2,1.34,0.92,1045505.5,1,0
Pooja Deshmukh,49,Female,Single,Doctorate,Business,1,371000.0,30916.67,4650.87,0.77,0,1733000.0,Home Loan,24,632,696367.19,Mortgaged,1,2.49,0.77,696367.19,0,0
Aarav Sharma,61,Female,Divorced,Graduate,Salaried,0,199000.0,16583.33,6679.53,0.7,1,748000.0,Education Loan,180,686,114823.67,Mortgaged,0,0.65,0.7,114823.67,0,0
Kavya Reddy,25,Male,Married,Post Graduate,Salaried,0,543000.0,45250.0,4828.32,0.42,0,869000.0,Personal Loan,24,564,668094.51,Rented,0,0.91,0.42,668094.51,0,0
Rohan Mehta,32,Female,Single,Doctorate,Business,1,491000.0,40916.67,2511.55,0.7,2,1952000.0,Education Loan,48,616,444914.35,Owned,1,1.06,0.7,444914.35,0,0
Priya Patel,58,Female,Single,Graduate,Freelancer,1,466000.0,38833.33,8013.67,0.2,0,1114000.0,Education Loan,36,715,929629.33,Mortgaged,4,1.0,0.2,929629.33,0,1
Neha Gupta,58,Male,Single,Doctorate,Freelancer,1,413000.0,34416.67,13353.31,0.24,2,1282000.0,Car Loan,60,614,55676.22,Rented,1,1.01,0.24,55676.22,0,0
Kavya Reddy,50,Male,Married,Doctorate,Self-Employed,1,1009000.0,84083.33,33744.34,0.58,1,1331000.0,Business Loan,12,765,1112576.32,Owned,0,1.72,0.58,1112576.32,1,0
Riya Sen,53,Male,Married,Doctorate,Freelancer,1,740000.0,61666.67,22469.63,0.68,1,769000.0,Car Loan,48,838,221570.55,Owned,1,0.62,0.68,221570.55,0,1
Divya Agarwal,49,Male,Single,High School,Business,1,1612000.0,134333.33,14451.32,0.95,0,947000.0,Medical Emergency,60,592,787182.8,Rented,2,0.23,0.95,787182.8,0,1
Manish Tiwari,41,Male,Married,Doctorate,Self-Employed,1,559000.0,46583.33,18325.4,0.41,2,2708000.0,Education Loan,240,560,1000255.01,Owned,0,0.64,0.41,1000255.01,1,0
Rahul Verma,24,Female,Divorced,High School,Salaried,0,461000.0,38416.67,5127.3,0.73,1,2000000.0,Business Loan,360,745,682533.77,Owned,0,0.28,0.73,682533.77,0,1
Rahul Verma,62,Female,Divorced,Graduate,Business,1,269000.0,22416.67,8957.48,0.15,2,675000.0,Business Loan,12,742,262912.73,Owned,1,2.91,0.15,262912.73,0,1
Rahul Verma,55,Male,Single,High School,Self-Employed,1,546000.0,45500.0,11049.0,0.63,2,2487000.0,Business Loan,48,706,1041558.55,Owned,2,1.38,0.63,1041558.55,0,1
Aditya Joshi,48,Female,Married,Graduate,Salaried,0,1134000.0,94500.0,15853.91,0.46,0,3695000.0,Home Loan,240,796,2045260.51,Mortgaged,3,0.33,0.46,2045260.51,0,1
Sneha Nair,60,Female,Divorced,High School,Salaried,0,835000.0,69583.33,5897.82,0.85,0,818000.0,Car Loan,36,726,661398.87,Owned,3,0.41,0.85,661398.87,0,1
Aditya Joshi,53,Male,Divorced,Post Graduate,Freelancer,1,291000.0,24250.0,1642.31,0.23,0,1669000.0,Home Loan,60,601,320009.2,Mortgaged,2,1.21,0.23,320009.2,0,0
Vikram Singh,23,Female,Married,Doctorate,Freelancer,1,583000.0,48583.33,16128.17,0.07,1,898000.0,Home Loan,48,558,1226558.57,Mortgaged,1,0.72,0.07,1226558.57,1,0
Divya Agarwal,38,Female,Divorced,High School,Freelancer,1,597000.0,49750.0,13283.79,0.68,2,3063000.0,Car Loan,240,722,495389.17,Owned,1,0.52,0.68,495389.17,0,0
Sneha Nair,58,Male,Married,Post Graduate,Freelancer,1,745000.0,62083.33,10390.02,0.31,1,3837000.0,Personal Loan,120,759,582975.08,Owned,1,0.68,0.31,582975.08,0,1
Neha Gupta,37,Female,Single,Post Graduate,Self-Employed,1,485000.0,40416.67,2932.82,0.16,1,2893000.0,Business Loan,36,748,561694.37,Rented,3,2.06,0.16,561694.37,0,0
Meera Pillai,53,Male,Divorced,High School,Business,1,531000.0,44250.0,2945.94,0.45,2,3114000.0,Business Loan,60,744,207926.89,Owned,2,1.24,0.45,207926.89,0,0
Riya Sen,58,Male,Married,High School,Self-Employed,1,180000.0,15000.0,28.99,0.71,2,1056000.0,Education Loan,60,496,222729.41,Rented,1,1.18,0.71,222729.41,1,0
Manish Tiwari,42,Male,Divorced,Doctorate,Business,1,585000.0,48750.0,15118.16,0.71,0,3189000.0,Personal Loan,360,800,222594.04,Owned,4,0.49,0.71,222594.04,0,1
Kavya Reddy,63,Female,Married,Graduate,Business,1,712000.0,59333.33,1469.4,0.63,0,2641000.0,Personal Loan,60,678,405638.94,Owned,2,0.77,0.63,405638.94,0,1
Karan Malhotra,34,Male,Divorced,Doctorate,Self-Employed,1,435000.0,36250.0,8000.72,0.59,1,1441000.0,Home Loan,120,666,458550.55,Mortgaged,4,0.55,0.59,458550.55,0,1
Pooja Deshmukh,25,Female,Married,Graduate,Business,1,739000.0,61583.33,9558.6,0.33,2,2181000.0,Business Loan,24,766,456456.93,Rented,0,1.63,0.33,456456.93,0,1
Divya Agarwal,24,Female,Married,Post Graduate,Freelancer,1,416000.0,34666.67,11366.25,0.42,1,2120000.0,Business Loan,24,750,185009.46,Rented,4,2.88,0.42,185009.46,0,1
Deepak Choudhury,44,Female,Single,Doctorate,Salaried,0,296000.0,24666.67,73.47,0.62,2,593000.0,Personal Loan,360,770,357890.02,Mortgaged,1,0.07,0.62,357890.02,0,1
Vikram Singh,62,Male,Single,Doctorate,Business,1,258000.0,21500.0,5358.66,0.09,1,1301000.0,Business Loan,60,610,331747.02,Mortgaged,2,1.26,0.09,331747.02,0,0
Aarav Sharma,55,Male,Single,High School,Business,1,532000.0,44333.33,19072.73,0.8,2,1649000.0,Medical Emergency,60,485,585825.77,Rented,2,1.05,0.8,585825.77,1,0
Kavya Reddy,50,Male,Single,High School,Freelancer,1,1520000.0,126666.67,56676.98,0.11,0,6993000.0,Business Loan,240,578,2215216.1,Rented,4,0.68,0.11,2215216.1,1,0
Riya Sen,43,Male,Married,Graduate,Business,1,617000.0,51416.67,3767.88,0.1,0,1393000.0,Medical Emergency,36,597,590916.4,Owned,4,0.83,0.1,590916.4,0,1
Divya Agarwal,37,Female,Single,High School,Business,1,642000.0,53500.0,12750.42,0.89,2,2135000.0,Medical Emergency,36,716,1242433.4,Mortgaged,0,1.35,0.89,1242433.4,0,1
Meera Pillai,50,Female,Married,High School,Business,1,374000.0,31166.67,9613.35,0.67,1,384000.0,Business Loan,120,718,776407.38,Owned,3,0.41,0.67,776407.38,0,1
Sneha Nair,54,Female,Married,Doctorate,Business,1,1897000.0,158083.33,65511.05,0.2,0,3222000.0,Business Loan,48,718,3975688.08,Mortgaged,2,0.84,0.2,3975688.08,0,1
Deepak Choudhury,35,Male,Married,Doctorate,Salaried,0,579000.0,48250.0,2530.93,0.17,3,345000.0,Education Loan,60,820,1018184.06,Owned,2,0.17,0.17,1018184.06,0,1
Tanvi Bhatia,30,Female,Single,High School,Salaried,0,1081000.0,90083.33,30178.55,0.16,0,1306000.0,Medical Emergency,36,633,1893169.55,Rented,1,0.74,0.16,1893169.55,0,0
Vikram Singh,33,Male,Married,Graduate,Salaried,0,539000.0,44916.67,380.12,0.49,1,1548000.0,Personal Loan,24,763,96320.66,Mortgaged,0,1.44,0.49,96320.66,0,1
Priya Patel,49,Female,Single,High School,Salaried,0,547000.0,45583.33,1358.9,0.65,1,2544000.0,Home Loan,48,675,826105.28,Owned,1,1.19,0.65,826105.28,0,1
Pooja Deshmukh,23,Male,Single,Post Graduate,Business,1,453000.0,37750.0,16117.6,0.36,1,627000.0,Business Loan,48,549,594237.31,Owned,0,0.77,0.36,594237.31,0,0
Aarav Sharma,63,Male,Divorced,Post Graduate,Business,1,430000.0,35833.33,2769.85,0.73,2,225000.0,Medical Emergency,24,611,996807.52,Mortgaged,3,0.34,0.73,996807.52,0,1
Riya Sen,36,Female,Divorced,Post Graduate,Freelancer,1,934000.0,77833.33,23590.24,0.15,3,4755000.0,Car Loan,180,691,573716.6,Owned,0,0.64,0.15,573716.6,0,1
Amit Kumar,27,Male,Married,Graduate,Self-Employed,1,200000.0,16666.67,3718.62,0.38,3,417000.0,Medical Emergency,12,661,59479.01,Rented,0,2.31,0.38,59479.01,0,0
Sneha Nair,60,Female,Divorced,High School,Freelancer,1,198000.0,16500.0,1677.11,0.42,4,1172000.0,Car Loan,48,672,426938.89,Rented,4,1.58,0.42,426938.89,0,1
Pooja Deshmukh,35,Male,Single,Doctorate,Salaried,0,425000.0,35416.67,6317.14,0.52,0,1794000.0,Home Loan,36,628,445207.69,Mortgaged,2,1.59,0.52,445207.69,0,0
Ananya Iyer,24,Male,Single,High School,Self-Employed,1,1273000.0,106083.33,16165.43,0.59,2,7573000.0,Home Loan,48,654,2687891.02,Mortgaged,2,1.64,0.59,2687891.02,0,1
Manish Tiwari,22,Female,Divorced,Doctorate,Business,1,390000.0,32500.0,6958.96,0.59,0,1063000.0,Car Loan,360,869,300041.63,Rented,3,0.3,0.59,300041.63,0,1
Aditya Joshi,54,Female,Married,Post Graduate,Self-Employed,1,520000.0,43333.33,579.61,0.71,0,2635000.0,Car Loan,12,816,1265146.54,Rented,0,5.08,0.71,1265146.54,0,1
Amit Kumar,57,Male,Married,Graduate,Salaried,0,180000.0,15000.0,4462.29,0.52,2,577000.0,Car Loan,48,707,144819.19,Rented,2,1.1,0.52,144819.19,0,0
Aditya Joshi,64,Female,Divorced,Graduate,Salaried,0,287000.0,23916.67,10662.53,0.84,0,332000.0,Car Loan,120,727,616159.81,Rented,3,0.56,0.84,616159.81,0,1
Priya Patel,26,Male,Divorced,High School,Self-Employed,1,548000.0,45666.67,10099.91,0.17,2,2431000.0,Car Loan,24,699,802958.39,Rented,3,2.44,0.17,802958.39,0,1
Meera Pillai,62,Female,Married,Post Graduate,Salaried,0,1354000.0,112833.33,19872.56,0.5,0,7907000.0,Business Loan,120,779,2626123.41,Rented,1,0.76,0.5,2626123.41,0,1
Aarav Sharma,33,Male,Single,High School,Business,1,273000.0,22750.0,8287.8,0.58,1,1285000.0,Medical Emergency,120,815,276651.68,Rented,4,0.83,0.58,276651.68,0,1
Pooja Deshmukh,22,Female,Married,Graduate,Self-Employed,1,737000.0,61416.67,6843.43,0.63,1,2770000.0,Medical Emergency,24,665,1610681.0,Owned,0,1.99,0.63,1610681.0,0,1
Aarav Sharma,46,Female,Single,Doctorate,Freelancer,1,257000.0,21416.67,5474.58,0.86,3,505000.0,Medical Emergency,240,816,388371.76,Rented,0,0.35,0.86,388371.76,0,1
Siddharth Rao,23,Female,Divorced,Graduate,Freelancer,1,490000.0,40833.33,1838.54,0.66,1,1150000.0,Business Loan,120,729,244953.61,Rented,3,0.28,0.66,244953.61,0,1
Divya Agarwal,41,Male,Married,Graduate,Self-Employed,1,241000.0,20083.33,2596.98,0.09,1,1441000.0,Car Loan,48,743,385352.61,Owned,4,1.62,0.09,385352.61,0,0
Manish Tiwari,35,Male,Divorced,High School,Business,1,403000.0,33583.33,1016.61,0.77,4,1255000.0,Personal Loan,120,797,809854.37,Mortgaged,0,0.34,0.77,809854.37,0,1
Deepak Choudhury,57,Female,Married,High School,Self-Employed,1,362000.0,30166.67,5624.32,0.28,1,1207000.0,Medical Emergency,360,724,193106.02,Owned,1,0.3,0.28,193106.02,0,1
Deepak Choudhury,26,Male,Divorced,Doctorate,Self-Employed,1,196000.0,16333.33,4856.92,0.79,2,1109000.0,Education Loan,360,650,400122.31,Rented,4,0.49,0.79,400122.31,0,1
Priya Patel,58,Male,Married,Doctorate,Self-Employed,1,509000.0,42416.67,4588.14,0.72,7,2398000.0,Car Loan,180,645,440166.72,Owned,2,0.42,0.72,440166.72,0,1
Divya Agarwal,47,Female,Married,Post Graduate,Business,1,240000.0,20000.0,6181.69,0.26,0,435000.0,Personal Loan,48,658,39957.6,Rented,2,0.76,0.26,39957.6,0,0
Meera Pillai,41,Female,Married,Graduate,Self-Employed,1,541000.0,45083.33,3232.99,0.17,1,1039000.0,Education Loan,360,808,282599.21,Owned,2,0.14,0.17,282599.21,0,1
Riya Sen,42,Male,Single,Graduate,Business,1,986000.0,82166.67,22244.15,0.83,0,5377000.0,Car Loan,120,736,1688044.79,Owned,2,0.82,0.83,1688044.79,0,1
Vikram Singh,55,Male,Single,Graduate,Business,1,410000.0,34166.67,7632.94,0.13,1,1558000.0,Education Loan,120,739,860016.82,Mortgaged,3,0.6,0.13,860016.82,0,1
Kavya Reddy,49,Female,Single,Post Graduate,Salaried,0,358000.0,29833.33,2351.45,0.92,1,1044000.0,Education Loan,12,820,457116.09,Rented,3,3.0,0.92,457116.09,0,1
Ananya Iyer,39,Female,Divorced,Doctorate,Freelancer,1,366000.0,30500.0,9370.59,0.92,1,1953000.0,Personal Loan,120,766,454034.81,Rented,2,0.84,0.92,454034.81,0,1
Aarav Sharma,25,Male,Divorced,Graduate,Self-Employed,1,866000.0,72166.67,8215.62,0.4,2,3476000.0,Medical Emergency,120,729,1963721.71,Mortgaged,2,0.52,0.4,1963721.71,0,1
Kavya Reddy,38,Female,Married,Graduate,Freelancer,1,777000.0,64750.0,27025.25,0.88,0,1674000.0,Personal Loan,60,648,470028.73,Owned,2,0.85,0.88,470028.73,0,0
Amit Kumar,41,Female,Single,High School,Salaried,0,324000.0,27000.0,10001.85,0.9,2,1001000.0,Car Loan,120,693,590239.37,Owned,2,0.68,0.9,590239.37,0,1
Aditya Joshi,21,Male,Married,Doctorate,Business,1,926000.0,77166.67,15739.52,0.07,0,728000.0,Medical Emergency,36,831,1493059.45,Mortgaged,3,0.47,0.07,1493059.45,0,1
Siddharth Rao,42,Male,Divorced,High School,Business,1,1458000.0,121500.0,31482.38,0.15,1,2731000.0,Medical Emergency,36,632,3109483.94,Mortgaged,3,0.88,0.15,3109483.94,0,0
Amit Kumar,53,Female,Married,Post Graduate,Business,1,1124000.0,93666.67,7312.14,0.58,4,2587000.0,Education Loan,48,756,340074.61,Rented,4,0.65,0.58,340074.61,0,1
Siddharth Rao,33,Male,Single,Graduate,Self-Employed,1,900000.0,75000.0,30606.01,0.93,1,1431000.0,Medical Emergency,36,706,197531.2,Mortgaged,2,0.94,0.93,197531.2,0,0
Aditya Joshi,28,Male,Single,High School,Self-Employed,1,497000.0,41416.67,17654.25,0.16,1,2213000.0,Car Loan,240,604,1036452.69,Rented,1,0.65,0.16,1036452.69,0,0
Rohan Mehta,50,Male,Married,High School,Freelancer,1,501000.0,41750.0,7178.21,0.44,0,820000.0,Personal Loan,60,746,923893.78,Owned,2,0.5,0.44,923893.78,0,1
Divya Agarwal,27,Male,Single,High School,Business,1,577000.0,48083.33,5095.32,0.46,1,1077000.0,Business Loan,240,680,176430.92,Rented,0,0.2,0.46,176430.92,0,1
Amit Kumar,55,Female,Divorced,Post Graduate,Freelancer,1,308000.0,25666.67,8182.64,0.71,2,588000.0,Home Loan,360,622,74229.71,Rented,4,0.38,0.71,74229.71,0,1
Riya Sen,50,Female,Divorced,Graduate,Salaried,0,358000.0,29833.33,3405.34,0.61,1,775000.0,Car Loan,120,602,149419.11,Mortgaged,0,0.33,0.61,149419.11,1,0
Neha Gupta,62,Female,Single,Doctorate,Business,1,297000.0,24750.0,9777.58,0.17,0,667000.0,Business Loan,180,664,130772.0,Owned,1,0.54,0.17,130772.0,0,0
Vikram Singh,40,Female,Married,High School,Freelancer,1,414000.0,34500.0,4392.42,0.84,2,1603000.0,Education Loan,360,610,352407.05,Owned,3,0.26,0.84,352407.05,0,1
Riya Sen,43,Male,Divorced,Doctorate,Salaried,0,306000.0,25500.0,2167.86,0.1,0,461000.0,Car Loan,60,774,150714.76,Rented,3,0.39,0.1,150714.76,0,1
Riya Sen,30,Male,Married,High School,Freelancer,1,279000.0,23250.0,4789.31,0.15,1,1244000.0,Personal Loan,24,563,261995.04,Owned,4,2.44,0.15,261995.04,1,0
Neha Gupta,46,Male,Divorced,High School,Self-Employed,1,352000.0,29333.33,7702.82,0.92,1,1194000.0,Business Loan,36,709,386990.76,Owned,1,1.39,0.92,386990.76,0,1
Riya Sen,51,Male,Married,Graduate,Business,1,624000.0,52000.0,15942.71,0.66,1,1665000.0,Business Loan,24,519,1315857.07,Owned,1,1.64,0.66,1315857.07,0,0
Riya Sen,60,Female,Divorced,High School,Salaried,0,231000.0,19250.0,2853.66,0.09,0,906000.0,Car Loan,120,578,548348.76,Mortgaged,3,0.54,0.09,548348.76,1,0
Manish Tiwari,43,Male,Single,Graduate,Business,1,422000.0,35166.67,5114.18,0.1,1,375000.0,Business Loan,180,605,135935.66,Rented,1,0.2,0.1,135935.66,0,1
Siddharth Rao,54,Male,Single,Post Graduate,Self-Employed,1,1256000.0,104666.67,18298.49,0.41,2,5099000.0,Medical Emergency,36,651,489142.62,Rented,1,1.53,0.41,489142.62,0,0
Sneha Nair,35,Male,Married,Graduate,Business,1,1099000.0,91583.33,21127.72,0.49,1,5901000.0,Car Loan,60,712,1595019.35,Rented,4,1.3,0.49,1595019.35,0,0
Divya Agarwal,38,Female,Divorced,Post Graduate,Freelancer,1,1565000.0,130416.67,37013.4,0.13,2,5201000.0,Car Loan,48,644,2588925.48,Mortgaged,0,1.11,0.13,2588925.48,0,0
Riya Sen,55,Male,Married,Doctorate,Freelancer,1,369000.0,30750.0,1095.7,0.77,1,794000.0,Personal Loan,60,701,782166.01,Mortgaged,4,0.47,0.77,782166.01,0,1
Manish Tiwari,37,Male,Divorced,Graduate,Salaried,0,454000.0,37833.33,8740.88,0.51,3,1258000.0,Car Loan,60,801,432706.64,Mortgaged,3,0.79,0.51,432706.64,0,1
Deepak Choudhury,59,Male,Single,Doctorate,Self-Employed,1,468000.0,39000.0,13797.41,0.81,0,350000.0,Car Loan,60,695,399424.55,Mortgaged,3,0.5,0.81,399424.55,0,1
Karan Malhotra,50,Female,Married,Post Graduate,Self-Employed,1,434000.0,36166.67,3012.3,0.72,2,1659000.0,Medical Emergency,24,785,495244.96,Owned,0,1.99,0.72,495244.96,1,0
Ananya Iyer,26,Male,Single,Doctorate,Freelancer,1,919000.0,76583.33,23841.37,0.83,1,5341000.0,Business Loan,240,633,759755.64,Mortgaged,0,0.6,0.83,759755.64,0,0
Siddharth Rao,51,Female,Single,Post Graduate,Self-Employed,1,180000.0,15000.0,93.66,0.15,1,106000.0,Personal Loan,12,755,108387.14,Mortgaged,4,0.6,0.15,108387.14,0,1
Kavya Reddy,40,Female,Divorced,Post Graduate,Salaried,0,267000.0,22250.0,3012.94,0.47,0,830000.0,Home Loan,24,600,133140.4,Owned,1,1.69,0.47,133140.4,0,0
Karan Malhotra,40,Female,Married,Graduate,Freelancer,1,200000.0,16666.67,4389.2,0.23,0,726000.0,Car Loan,12,625,180248.03,Owned,0,3.89,0.23,180248.03,0,0
Divya Agarwal,35,Female,Married,High School,Salaried,0,302000.0,25166.67,5520.9,0.49,0,1133000.0,Business Loan,240,596,198285.31,Owned,2,0.41,0.49,198285.31,0,1
Divya Agarwal,43,Female,Divorced,Graduate,Business,1,252000.0,21000.0,8437.69,0.43,0,782000.0,Car Loan,120,619,296347.2,Rented,2,0.71,0.43,296347.2,1,0
Sneha Nair,33,Male,Married,High School,Freelancer,1,180000.0,15000.0,1566.7,0.25,1,990000.0,Education Loan,240,489,74660.5,Rented,1,0.38,0.25,74660.5,1,0
Siddharth Rao,38,Female,Divorced,High School,Freelancer,1,1373000.0,114416.67,41177.39,0.81,2,5382000.0,Education Loan,24,690,2335384.42,Owned,1,2.32,0.81,2335384.42,0,1
Neha Gupta,33,Female,Single,Doctorate,Freelancer,1,872000.0,72666.67,9929.42,0.24,0,662000.0,Home Loan,120,747,1930760.3,Rented,0,0.21,0.24,1930760.3,0,1
Neha Gupta,60,Male,Single,High School,Freelancer,1,674000.0,56166.67,2880.57,0.25,2,2420000.0,Car Loan,60,578,1674748.98,Rented,3,0.77,0.25,1674748.98,1,0
Meera Pillai,50,Female,Single,Graduate,Salaried,0,180000.0,15000.0,6254.77,0.44,1,543000.0,Home Loan,24,835,355673.83,Mortgaged,2,1.93,0.44,355673.83,0,1
Ananya Iyer,31,Male,Divorced,Graduate,Self-Employed,1,180000.0,15000.0,4252.0,0.83,0,992000.0,Personal Loan,60,652,323926.57,Mortgaged,0,1.39,0.83,323926.57,0,1
Ananya Iyer,34,Male,Divorced,High School,Business,1,506000.0,42166.67,15543.58,0.16,1,815000.0,Car Loan,12,723,348511.83,Rented,2,1.98,0.16,348511.83,0,1
Deepak Choudhury,31,Male,Single,High School,Business,1,1394000.0,116166.67,37387.07,0.42,0,5523000.0,Personal Loan,36,757,2659326.86,Mortgaged,1,1.64,0.42,2659326.86,0,1
Kavya Reddy,49,Male,Married,Doctorate,Freelancer,1,499000.0,41583.33,16805.04,0.91,2,1666000.0,Medical Emergency,120,699,1180123.33,Rented,4,0.74,0.91,1180123.33,0,1
Aarav Sharma,28,Male,Single,High School,Business,1,287000.0,23916.67,4322.77,0.75,1,829000.0,Car Loan,12,747,483429.35,Mortgaged,2,3.07,0.75,483429.35,0,1
Manish Tiwari,22,Male,Divorced,High School,Freelancer,1,599000.0,49916.67,9029.99,0.66,0,2123000.0,Education Loan,120,697,1367010.27,Owned,0,0.54,0.66,1367010.27,0,1
Deepak Choudhury,26,Male,Divorced,Doctorate,Freelancer,1,219000.0,18250.0,5287.86,0.85,4,862000.0,Business Loan,240,783,388490.74,Mortgaged,2,0.49,0.85,388490.74,0,1
Rohan Mehta,56,Female,Single,Graduate,Business,1,802000.0,66833.33,11729.06,0.7,2,4282000.0,Business Loan,360,773,626704.34,Owned,2,0.35,0.7,626704.34,0,1
Sneha Nair,60,Female,Divorced,Post Graduate,Salaried,0,737000.0,61416.67,770.84,0.77,0,2770000.0,Personal Loan,60,639,1358749.56,Mortgaged,0,0.76,0.77,1358749.56,0,0
Priya Patel,32,Female,Married,High School,Salaried,0,334000.0,27833.33,597.85,0.64,1,396000.0,Education Loan,12,576,396642.76,Owned,0,1.21,0.64,396642.76,1,0
Manish Tiwari,36,Male,Married,High School,Business,1,240000.0,20000.0,6002.3,0.78,1,876000.0,Personal Loan,180,764,323327.99,Owned,1,0.54,0.78,323327.99,0,1
Deepak Choudhury,23,Male,Married,Doctorate,Salaried,0,395000.0,32916.67,2170.82,0.43,3,1093000.0,Home Loan,12,533,442292.62,Owned,2,2.83,0.43,442292.62,1,0
Karan Malhotra,44,Male,Married,Doctorate,Freelancer,1,621000.0,51750.0,20307.04,0.58,0,2484000.0,Car Loan,240,742,1152650.96,Rented,2,0.59,0.58,1152650.96,0,1
Vikram Singh,32,Male,Married,Doctorate,Self-Employed,1,349000.0,29083.33,12669.11,0.51,2,1190000.0,Medical Emergency,48,731,416370.16,Owned,3,1.29,0.51,416370.16,0,1
Meera Pillai,43,Female,Single,Doctorate,Salaried,0,237000.0,19750.0,1074.2,0.56,0,171000.0,Personal Loan,24,584,234990.63,Rented,0,0.42,0.56,234990.63,0,1
Riya Sen,22,Male,Single,Post Graduate,Freelancer,1,322000.0,26833.33,587.46,0.85,2,1736000.0,Personal Loan,36,584,665219.85,Rented,4,1.82,0.85,665219.85,1,0
Meera Pillai,53,Female,Single,Graduate,Freelancer,1,545000.0,45416.67,9834.04,0.33,1,1628000.0,Education Loan,180,614,676097.63,Mortgaged,0,0.42,0.33,676097.63,0,1
Vikram Singh,41,Male,Divorced,Doctorate,Freelancer,1,180000.0,15000.0,4503.74,0.18,1,811000.0,Home Loan,180,803,185285.57,Rented,3,0.6,0.18,185285.57,0,1
Priya Patel,43,Female,Divorced,High School,Salaried,0,613000.0,51083.33,19906.11,0.69,3,2235000.0,Medical Emergency,60,697,886708.46,Owned,1,1.12,0.69,886708.46,0,1
Rahul Verma,30,Male,Divorced,Graduate,Self-Employed,1,585000.0,48750.0,16465.38,0.5,0,353000.0,Medical Emergency,360,725,310859.74,Owned,4,0.36,0.5,310859.74,0,1
Rohan Mehta,57,Male,Divorced,Doctorate,Salaried,0,1099000.0,91583.33,33255.23,0.6,0,2978000.0,Home Loan,240,734,2383443.51,Owned,2,0.5,0.6,2383443.51,0,1
Neha Gupta,48,Female,Single,High School,Freelancer,1,574000.0,47833.33,5535.75,0.15,3,601000.0,Personal Loan,60,650,255821.59,Rented,3,0.33,0.15,255821.59,0,1
Vikram Singh,50,Female,Married,Post Graduate,Salaried,0,180000.0,15000.0,4147.71,0.34,0,117000.0,Home Loan,60,602,186453.96,Rented,3,0.41,0.34,186453.96,0,1
Amit Kumar,45,Female,Married,Graduate,Salaried,0,345000.0,28750.0,2620.61,0.73,0,1284000.0,Car Loan,360,849,657478.9,Rented,0,0.22,0.73,657478.9,0,1
Aditya Joshi,21,Male,Married,Doctorate,Freelancer,1,568000.0,47333.33,1394.26,0.08,2,2263000.0,Home Loan,60,608,812115.4,Mortgaged,2,0.83,0.08,812115.4,0,0
Kavya Reddy,36,Male,Married,Doctorate,Freelancer,1,884000.0,73666.67,2781.56,0.62,1,1431000.0,Personal Loan,120,633,1234996.98,Owned,0,0.2,0.62,1234996.98,0,1
Meera Pillai,58,Female,Divorced,Doctorate,Salaried,0,180000.0,15000.0,6.76,0.47,1,911000.0,Education Loan,36,425,18234.55,Rented,4,1.69,0.47,18234.55,0,0
Siddharth Rao,35,Female,Divorced,Post Graduate,Business,1,346000.0,28833.33,590.16,0.72,1,1245000.0,Education Loan,24,783,362861.19,Owned,2,1.82,0.72,362861.19,0,1
Meera Pillai,26,Female,Married,Post Graduate,Business,1,321000.0,26750.0,10640.33,0.9,1,1282000.0,Medical Emergency,240,700,242429.32,Mortgaged,4,0.6,0.9,242429.32,0,0
Amit Kumar,46,Male,Married,High School,Salaried,0,222000.0,18500.0,7609.2,0.17,3,1237000.0,Business Loan,240,651,24479.98,Owned,4,0.69,0.17,24479.98,0,0
Divya Agarwal,27,Female,Married,Graduate,Salaried,0,248000.0,20666.67,5009.44,0.85,3,1237000.0,Car Loan,24,661,234902.46,Rented,2,2.74,0.85,234902.46,0,0
Pooja Deshmukh,40,Female,Single,Graduate,Salaried,0,180000.0,15000.0,3123.17,0.89,3,530000.0,Personal Loan,12,782,345637.87,Mortgaged,2,3.15,0.89,345637.87,0,1
Pooja Deshmukh,21,Male,Single,High School,Self-Employed,1,1153000.0,96083.33,10128.73,0.49,1,2878000.0,Education Loan,240,647,2618253.4,Mortgaged,4,0.23,0.49,2618253.4,0,1
Aarav Sharma,35,Male,Divorced,Doctorate,Salaried,0,215000.0,17916.67,7013.7,0.56,0,692000.0,Business Loan,48,644,361976.63,Mortgaged,3,1.2,0.56,361976.63,0,0
Tanvi Bhatia,36,Male,Single,Post Graduate,Salaried,0,418000.0,34833.33,1997.48,0.89,0,2176000.0,Business Loan,60,632,234265.47,Mortgaged,4,1.1,0.89,234265.47,1,0
Meera Pillai,22,Female,Divorced,Doctorate,Salaried,0,180000.0,15000.0,6330.76,0.63,3,1024000.0,Home Loan,120,708,204860.81,Rented,3,0.99,0.63,204860.81,0,0
Deepak Choudhury,59,Female,Married,High School,Salaried,0,1007000.0,83916.67,33374.59,0.25,2,2043000.0,Car Loan,360,808,1185508.47,Owned,4,0.47,0.25,1185508.47,0,1
Amit Kumar,49,Male,Divorced,Graduate,Self-Employed,1,220000.0,18333.33,8069.29,0.43,2,200000.0,Personal Loan,48,489,108846.27,Rented,1,0.67,0.43,108846.27,0,0
Aarav Sharma,64,Female,Married,Graduate,Business,1,686000.0,57166.67,21622.06,0.27,0,2130000.0,Education Loan,12,660,1421337.88,Mortgaged,1,3.48,0.27,1421337.88,0,1
Rahul Verma,35,Female,Single,Doctorate,Salaried,0,1812000.0,151000.0,5812.08,0.1,1,1238000.0,Education Loan,24,440,3584771.97,Owned,2,0.38,0.1,3584771.97,1,0
Karan Malhotra,23,Male,Married,Doctorate,Salaried,0,611000.0,50916.67,2333.12,0.1,1,481000.0,Car Loan,180,754,201625.48,Rented,0,0.1,0.1,201625.48,0,1
Tanvi Bhatia,61,Male,Married,Doctorate,Freelancer,1,580000.0,48333.33,17294.83,0.84,2,2265000.0,Education Loan,12,647,690074.85,Rented,2,4.26,0.84,690074.85,0,0
Ananya Iyer,33,Male,Single,Graduate,Self-Employed,1,1190000.0,99166.67,40357.51,0.16,1,3926000.0,Education Loan,180,776,1493876.41,Mortgaged,0,0.63,0.16,1493876.41,0,1
Kavya Reddy,29,Male,Single,Graduate,Self-Employed,1,577000.0,48083.33,6743.69,0.44,0,3334000.0,Education Loan,60,576,865960.57,Mortgaged,3,1.3,0.44,865960.57,1,0
Vikram Singh,43,Female,Married,High School,Business,1,220000.0,18333.33,3042.85,0.06,0,820000.0,Medical Emergency,36,654,52263.72,Mortgaged,0,1.41,0.06,52263.72,0,0
Meera Pillai,30,Male,Married,High School,Self-Employed,1,267000.0,22250.0,9777.31,0.63,0,429000.0,Home Loan,120,659,148039.05,Rented,2,0.6,0.63,148039.05,0,1
Karan Malhotra,54,Female,Divorced,High School,Business,1,432000.0,36000.0,6782.86,0.2,2,1295000.0,Home Loan,240,674,270680.02,Owned,0,0.34,0.2,270680.02,0,1
Kavya Reddy,22,Female,Divorced,Post Graduate,Self-Employed,1,407000.0,33916.67,7337.39,0.74,0,2027000.0,Medical Emergency,180,746,241253.02,Owned,2,0.55,0.74,241253.02,0,0
Aarav Sharma,36,Female,Single,Graduate,Business,1,180000.0,15000.0,202.62,0.15,0,378000.0,Personal Loan,120,798,36966.88,Owned,1,0.22,0.15,36966.88,0,1
Sneha Nair,36,Male,Single,High School,Self-Employed,1,419000.0,34916.67,5339.38,0.55,1,621000.0,Home Loan,36,676,889501.56,Owned,1,0.65,0.55,889501.56,1,0
Vikram Singh,46,Female,Divorced,Graduate,Business,1,783000.0,65250.0,27486.65,0.32,0,1426000.0,Education Loan,36,588,1846931.17,Mortgaged,3,1.03,0.32,1846931.17,0,0
Rahul Verma,32,Male,Single,Post Graduate,Self-Employed,1,220000.0,18333.33,1581.37,0.39,0,563000.0,Business Loan,180,652,537846.25,Owned,0,0.26,0.39,537846.25,0,1
Tanvi Bhatia,56,Male,Divorced,High School,Self-Employed,1,414000.0,34500.0,5087.24,0.1,1,2019000.0,Personal Loan,360,599,1003586.65,Rented,1,0.31,0.1,1003586.65,0,1
Rahul Verma,27,Female,Divorced,Graduate,Self-Employed,1,440000.0,36666.67,8392.13,0.73,1,1781000.0,Business Loan,120,620,570508.69,Rented,3,0.63,0.73,570508.69,0,0
Pooja Deshmukh,39,Female,Divorced,Doctorate,Freelancer,1,299000.0,24916.67,3008.71,0.41,0,1664000.0,Business Loan,12,622,178586.43,Owned,3,5.69,0.41,178586.43,0,0
Kavya Reddy,49,Female,Single,High School,Freelancer,1,336000.0,28000.0,11197.73,0.56,1,1897000.0,Education Loan,60,617,477565.11,Owned,1,1.53,0.56,477565.11,0,0
Sneha Nair,25,Female,Divorced,High School,Self-Employed,1,534000.0,44500.0,11693.84,0.47,1,2091000.0,Car Loan,240,788,652613.35,Rented,2,0.46,0.47,652613.35,0,1
Riya Sen,49,Female,Married,Doctorate,Salaried,0,204000.0,17000.0,1373.68,0.26,1,826000.0,Education Loan,24,568,164595.93,Mortgaged,2,2.11,0.26,164595.93,1,0
Rahul Verma,39,Female,Single,Graduate,Salaried,0,742000.0,61833.33,1985.28,0.08,1,1188000.0,Personal Loan,120,710,519442.1,Mortgaged,3,0.19,0.08,519442.1,0,1
Aditya Joshi,38,Male,Divorced,Post Graduate,Business,1,478000.0,39833.33,152.97,0.32,1,2401000.0,Car Loan,180,646,990639.3,Mortgaged,3,0.34,0.32,990639.3,1,0
Deepak Choudhury,49,Male,Married,Post Graduate,Self-Employed,1,513000.0,42750.0,13915.17,0.24,0,916000.0,Business Loan,360,414,984083.34,Mortgaged,1,0.39,0.24,984083.34,1,0
Amit Kumar,50,Male,Married,Post Graduate,Freelancer,1,931000.0,77583.33,26887.2,0.68,3,1539000.0,Car Loan,360,616,160364.54,Owned,2,0.4,0.68,160364.54,0,1
Vikram Singh,30,Female,Divorced,Graduate,Freelancer,1,180000.0,15000.0,5470.21,0.8,2,426000.0,Car Loan,180,609,314249.53,Rented,4,0.52,0.8,314249.53,0,0
Meera Pillai,51,Female,Married,Graduate,Salaried,0,772000.0,64333.33,26696.07,0.19,2,4431000.0,Education Loan,180,728,1893262.9,Owned,1,0.8,0.19,1893262.9,0,1
Rahul Verma,32,Female,Single,Doctorate,Salaried,0,659000.0,54916.67,8126.49,0.92,0,2646000.0,Education Loan,24,614,337023.66,Mortgaged,3,2.16,0.92,337023.66,0,0
Priya Patel,64,Female,Single,Post Graduate,Self-Employed,1,407000.0,33916.67,1060.61,0.92,0,839000.0,Personal Loan,60,654,684967.87,Owned,2,0.44,0.92,684967.87,0,1
Pooja Deshmukh,23,Male,Single,High School,Freelancer,1,900000.0,75000.0,13199.8,0.94,2,1089000.0,Car Loan,240,573,1695188.35,Rented,3,0.24,0.94,1695188.35,1,0
Rohan Mehta,50,Male,Single,High School,Freelancer,1,242000.0,20166.67,7422.41,0.65,0,332000.0,Business Loan,60,649,365415.33,Mortgaged,1,0.64,0.65,365415.33,0,0
Karan Malhotra,62,Female,Single,Graduate,Self-Employed,1,641000.0,53416.67,10714.27,0.79,1,2453000.0,Personal Loan,360,561,570066.63,Mortgaged,4,0.33,0.79,570066.63,1,0
Karan Malhotra,36,Female,Divorced,Graduate,Salaried,0,356000.0,29666.67,3843.62,0.84,1,1071000.0,Medical Emergency,60,655,369747.61,Owned,1,0.73,0.84,369747.61,0,1
Neha Gupta,52,Female,Married,Doctorate,Self-Employed,1,706000.0,58833.33,18493.37,0.14,1,3066000.0,Home Loan,48,676,1571062.06,Owned,0,1.4,0.14,1571062.06,0,1
Meera Pillai,30,Female,Divorced,Graduate,Self-Employed,1,396000.0,33000.0,13494.74,0.42,0,1857000.0,Home Loan,120,651,112337.57,Owned,3,0.88,0.42,112337.57,0,0
Amit Kumar,22,Female,Married,Post Graduate,Business,1,1052000.0,87666.67,8180.83,0.09,0,681000.0,Medical Emergency,240,481,1067541.58,Mortgaged,2,0.13,0.09,1067541.58,1,0
Rohan Mehta,22,Female,Single,Graduate,Business,1,505000.0,42083.33,2171.8,0.88,0,1161000.0,Medical Emergency,240,686,638028.2,Owned,3,0.17,0.88,638028.2,0,1
Kavya Reddy,57,Female,Single,Doctorate,Business,1,1171000.0,97583.33,36955.11,0.2,1,702000.0,Home Loan,36,855,943764.13,Mortgaged,4,0.58,0.2,943764.13,0,1
Neha Gupta,38,Male,Divorced,Graduate,Business,1,518000.0,43166.67,2981.67,0.37,1,876000.0,Home Loan,360,650,320538.19,Mortgaged,3,0.13,0.37,320538.19,1,0
Deepak Choudhury,56,Male,Married,High School,Freelancer,1,751000.0,62583.33,1476.14,0.05,2,3566000.0,Personal Loan,48,743,750359.61,Owned,4,1.21,0.05,750359.61,0,1
Aarav Sharma,56,Female,Single,Graduate,Business,1,967000.0,80583.33,29754.34,0.66,0,819000.0,Home Loan,36,845,1776985.88,Owned,4,0.65,0.66,1776985.88,0,1
Ananya Iyer,36,Female,Married,Post Graduate,Self-Employed,1,654000.0,54500.0,22914.38,0.41,2,1866000.0,Personal Loan,48,577,231597.59,Rented,3,1.13,0.41,231597.59,0,0
Amit Kumar,36,Male,Married,Post Graduate,Freelancer,1,421000.0,35083.33,3474.77,0.64,1,855000.0,Business Loan,120,393,86495.91,Owned,2,0.3,0.64,86495.91,1,0
Tanvi Bhatia,34,Female,Single,Post Graduate,Business,1,255000.0,21250.0,9170.77,0.59,0,1504000.0,Medical Emergency,180,801,440375.12,Mortgaged,4,0.82,0.59,440375.12,0,1
Neha Gupta,40,Female,Divorced,Doctorate,Salaried,0,637000.0,53083.33,8004.83,0.6,0,2368000.0,Car Loan,360,900,1043036.98,Owned,0,0.27,0.6,1043036.98,0,1
Aarav Sharma,51,Male,Single,Graduate,Business,1,1036000.0,86333.33,9184.0,0.44,1,1906000.0,Home Loan,12,537,445617.95,Rented,0,1.95,0.44,445617.95,0,0
Rohan Mehta,40,Male,Single,Doctorate,Business,1,274000.0,22833.33,1379.59,0.34,0,1323000.0,Home Loan,360,663,548074.38,Rented,3,0.22,0.34,548074.38,0,1
Sneha Nair,23,Male,Single,High School,Business,1,316000.0,26333.33,2870.65,0.54,1,1734000.0,Medical Emergency,48,771,639421.05,Mortgaged,4,1.48,0.54,639421.05,0,1
Tanvi Bhatia,40,Female,Divorced,High School,Self-Employed,1,221000.0,18416.67,3666.07,0.06,0,1168000.0,Home Loan,48,782,49737.48,Owned,2,1.52,0.06,49737.48,0,1
Vikram Singh,55,Male,Single,Post Graduate,Self-Employed,1,276000.0,23000.0,5251.84,0.43,1,847000.0,Personal Loan,48,711,189838.29,Owned,3,1.0,0.43,189838.29,0,0
Sneha Nair,39,Female,Divorced,Doctorate,Self-Employed,1,692000.0,57666.67,7054.79,0.75,0,651000.0,Education Loan,180,809,696513.21,Rented,3,0.19,0.75,696513.21,0,1
Deepak Choudhury,42,Female,Single,Doctorate,Salaried,0,422000.0,35166.67,12057.53,0.43,1,404000.0,Education Loan,360,504,196954.53,Mortgaged,3,0.37,0.43,196954.53,0,0
Sneha Nair,28,Female,Married,Doctorate,Freelancer,1,2049000.0,170750.0,5527.66,0.17,1,6313000.0,Personal Loan,48,622,225458.28,Mortgaged,2,0.8,0.17,225458.28,0,0
Pooja Deshmukh,59,Female,Married,Doctorate,Freelancer,1,436000.0,36333.33,15867.55,0.39,0,1392000.0,Medical Emergency,24,719,471355.33,Owned,2,2.03,0.39,471355.33,0,1
Ananya Iyer,46,Female,Divorced,Post Graduate,Self-Employed,1,556000.0,46333.33,15907.52,0.91,1,2637000.0,Medical Emergency,120,663,735621.4,Rented,3,0.82,0.91,735621.4,0,0
Pooja Deshmukh,58,Male,Divorced,Doctorate,Freelancer,1,248000.0,20666.67,6841.68,0.27,2,171000.0,Education Loan,12,718,439934.99,Mortgaged,2,1.02,0.27,439934.99,0,1
Tanvi Bhatia,59,Female,Divorced,Post Graduate,Business,1,195000.0,16250.0,1809.22,0.57,2,808000.0,Personal Loan,12,666,74129.94,Owned,4,4.25,0.57,74129.94,0,0
Siddharth Rao,57,Female,Divorced,Graduate,Self-Employed,1,239000.0,19916.67,7851.21,0.2,1,681000.0,Medical Emergency,60,790,311071.02,Mortgaged,0,0.96,0.2,311071.02,0,1
Siddharth Rao,27,Female,Divorced,Doctorate,Salaried,0,180000.0,15000.0,737.6,0.57,1,880000.0,Personal Loan,60,573,341451.39,Mortgaged,1,1.03,0.57,341451.39,1,0
Sneha Nair,48,Male,Single,Doctorate,Salaried,0,180000.0,15000.0,653.88,0.75,2,504000.0,Car Loan,60,764,334674.25,Owned,2,0.6,0.75,334674.25,0,1
Neha Gupta,50,Male,Single,Doctorate,Self-Employed,1,246000.0,20500.0,4636.61,0.15,0,890000.0,Personal Loan,36,679,143235.48,Mortgaged,3,1.43,0.15,143235.48,0,0
Rohan Mehta,49,Female,Married,Doctorate,Salaried,0,408000.0,34000.0,13285.94,0.2,1,862000.0,Car Loan,24,775,311805.55,Rented,2,1.45,0.2,311805.55,1,0
Kavya Reddy,58,Female,Married,Graduate,Salaried,0,180000.0,15000.0,412.13,0.73,1,97000.0,Business Loan,12,572,59835.68,Mortgaged,0,0.57,0.73,59835.68,1,0
Siddharth Rao,61,Female,Married,Doctorate,Business,1,314000.0,26166.67,7116.48,0.35,1,1335000.0,Education Loan,120,611,646976.04,Rented,2,0.7,0.35,646976.04,0,0
Siddharth Rao,53,Male,Married,High School,Salaried,0,374000.0,31166.67,43.26,0.83,0,1014000.0,Personal Loan,12,593,577673.68,Mortgaged,0,2.71,0.83,577673.68,0,0
Kavya Reddy,24,Female,Married,Doctorate,Freelancer,1,1622000.0,135166.67,40158.39,0.05,2,6503000.0,Education Loan,12,787,2629368.28,Owned,2,4.31,0.05,2629368.28,0,1
Amit Kumar,56,Female,Single,Doctorate,Freelancer,1,271000.0,22583.33,7512.17,0.76,2,655000.0,Car Loan,24,687,504674.24,Rented,3,1.54,0.76,504674.24,0,1
Vikram Singh,49,Male,Single,Doctorate,Salaried,0,423000.0,35250.0,4780.14,0.66,1,1488000.0,Car Loan,36,673,952333.99,Owned,0,1.31,0.66,952333.99,0,1
Meera Pillai,59,Male,Single,Post Graduate,Self-Employed,1,910000.0,75833.33,25704.74,0.64,0,903000.0,Car Loan,12,708,440953.85,Rented,2,1.33,0.64,440953.85,0,1
Aditya Joshi,22,Male,Divorced,High School,Freelancer,1,853000.0,71083.33,30436.23,0.65,1,3549000.0,Business Loan,240,719,270452.36,Mortgaged,4,0.64,0.65,270452.36,0,0
Kavya Reddy,21,Male,Divorced,High School,Freelancer,1,245000.0,20416.67,8362.16,0.72,2,1099000.0,Medical Emergency,360,534,592653.82,Rented,1,0.56,0.72,592653.82,1,0
Kavya Reddy,51,Female,Single,High School,Salaried,0,608000.0,50666.67,2539.52,0.36,1,2284000.0,Personal Loan,24,795,896686.68,Owned,3,1.93,0.36,896686.68,0,1
Siddharth Rao,49,Male,Married,Graduate,Self-Employed,1,295000.0,24583.33,9371.25,0.93,1,666000.0,Education Loan,36,643,397483.98,Mortgaged,4,1.13,0.93,397483.98,0,0
Ananya Iyer,64,Female,Single,Doctorate,Business,1,479000.0,39916.67,2599.19,0.9,2,2445000.0,Car Loan,240,626,217380.19,Rented,0,0.32,0.9,217380.19,0,1
Priya Patel,64,Female,Married,Graduate,Business,1,538000.0,44833.33,20111.42,0.69,1,1684000.0,Personal Loan,240,788,430178.48,Rented,1,0.61,0.69,430178.48,1,0
Amit Kumar,64,Male,Divorced,Post Graduate,Self-Employed,1,428000.0,35666.67,11241.54,0.1,1,2251000.0,Personal Loan,240,746,789980.62,Rented,2,0.58,0.1,789980.62,0,1
Neha Gupta,36,Male,Divorced,Doctorate,Business,1,414000.0,34500.0,6558.34,0.48,1,1000000.0,Car Loan,180,690,112763.55,Mortgaged,0,0.35,0.48,112763.55,0,1
Rohan Mehta,29,Female,Single,Post Graduate,Business,1,597000.0,49750.0,16841.37,0.57,0,2942000.0,Medical Emergency,60,730,715252.57,Owned,2,1.32,0.57,715252.57,0,0
Karan Malhotra,30,Female,Married,Post Graduate,Self-Employed,1,180000.0,15000.0,1472.42,0.72,1,818000.0,Home Loan,120,746,331613.65,Mortgaged,2,0.55,0.72,331613.65,0,1
Vikram Singh,39,Female,Married,Post Graduate,Salaried,0,264000.0,22000.0,950.87,0.93,1,393000.0,Home Loan,24,753,647503.36,Mortgaged,4,0.79,0.93,647503.36,0,1
Divya Agarwal,49,Male,Divorced,Doctorate,Self-Employed,1,180000.0,15000.0,229.45,0.27,1,574000.0,Medical Emergency,36,649,300008.29,Rented,3,1.08,0.27,300008.29,0,0
Rahul Verma,41,Female,Divorced,Doctorate,Business,1,455000.0,37916.67,10789.19,0.45,2,257000.0,Home Loan,24,641,178780.31,Mortgaged,4,0.57,0.45,178780.31,0,0
Deepak Choudhury,27,Male,Single,Doctorate,Business,1,491000.0,40916.67,12773.23,0.14,1,1847000.0,Car Loan,240,559,1227446.02,Mortgaged,2,0.5,0.14,1227446.02,1,0
Manish Tiwari,36,Male,Single,High School,Salaried,0,330000.0,27500.0,8832.88,0.83,0,1141000.0,Car Loan,12,753,344886.86,Mortgaged,3,3.78,0.83,344886.86,0,1
Deepak Choudhury,45,Female,Single,Graduate,Self-Employed,1,180000.0,15000.0,6518.35,0.86,2,269000.0,Business Loan,36,690,20299.97,Rented,2,0.93,0.86,20299.97,0,0
Ananya Iyer,45,Male,Single,Post Graduate,Self-Employed,1,362000.0,30166.67,1192.17,0.28,1,1680000.0,Home Loan,24,588,475941.65,Rented,3,2.36,0.28,475941.65,0,0
Neha Gupta,48,Female,Divorced,Graduate,Self-Employed,1,227000.0,18916.67,2558.86,0.9,1,762000.0,Education Loan,360,839,265092.57,Mortgaged,3,0.25,0.9,265092.57,0,1
Amit Kumar,48,Female,Divorced,Post Graduate,Salaried,0,241000.0,20083.33,5988.4,0.09,0,169000.0,Personal Loan,60,633,519259.66,Owned,2,0.44,0.09,519259.66,0,1
Tanvi Bhatia,46,Male,Divorced,High School,Business,1,1108000.0,92333.33,5338.85,0.61,1,1007000.0,Education Loan,60,739,1126035.53,Owned,4,0.24,0.61,1126035.53,0,1
Rahul Verma,25,Female,Divorced,Doctorate,Self-Employed,1,642000.0,53500.0,12901.9,0.11,1,2908000.0,Medical Emergency,48,773,1165016.81,Mortgaged,3,1.37,0.11,1165016.81,0,1
Deepak Choudhury,33,Male,Married,Post Graduate,Business,1,258000.0,21500.0,9601.94,0.44,2,166000.0,Business Loan,48,561,73803.23,Owned,4,0.61,0.44,73803.23,1,0
Meera Pillai,64,Female,Single,High School,Salaried,0,1766000.0,147166.67,24027.72,0.35,2,3537000.0,Personal Loan,60,663,218404.75,Rented,2,0.56,0.35,218404.75,0,0
Kavya Reddy,38,Female,Single,Graduate,Self-Employed,1,308000.0,25666.67,6080.79,0.84,1,1151000.0,Car Loan,24,754,421807.32,Mortgaged,3,2.11,0.84,421807.32,0,1
Sneha Nair,57,Female,Divorced,Graduate,Salaried,0,274000.0,22833.33,1754.43,0.9,1,724000.0,Education Loan,360,718,390179.31,Rented,4,0.16,0.9,390179.31,0,1
Vikram Singh,43,Female,Single,Post Graduate,Self-Employed,1,296000.0,24666.67,1583.64,0.56,3,583000.0,Medical Emergency,120,689,532209.72,Owned,4,0.26,0.56,532209.72,0,1
Divya Agarwal,46,Female,Single,Doctorate,Business,1,312000.0,26000.0,9342.09,0.5,2,629000.0,Car Loan,360,574,736327.74,Owned,4,0.43,0.5,736327.74,1,0
Rahul Verma,63,Female,Married,High School,Salaried,0,210000.0,17500.0,4998.08,0.12,1,382000.0,Home Loan,36,614,310959.62,Owned,2,0.89,0.12,310959.62,0,0
Meera Pillai,64,Female,Single,Doctorate,Self-Employed,1,665000.0,55416.67,11961.42,0.51,0,3983000.0,Business Loan,24,606,713632.44,Mortgaged,1,3.21,0.51,713632.44,0,0
Aarav Sharma,27,Female,Divorced,High School,Self-Employed,1,540000.0,45000.0,20132.99,0.65,0,3004000.0,Business Loan,12,810,841156.12,Owned,0,6.01,0.65,841156.12,0,1
Deepak Choudhury,51,Male,Single,Graduate,Business,1,459000.0,38250.0,14448.33,0.51,0,2634000.0,Car Loan,240,553,463510.79,Rented,0,0.66,0.51,463510.79,1,0
Amit Kumar,43,Male,Divorced,Graduate,Business,1,630000.0,52500.0,7068.08,0.31,0,1053000.0,Medical Emergency,180,656,391804.35,Rented,3,0.25,0.31,391804.35,0,1
Deepak Choudhury,61,Male,Married,Doctorate,Salaried,0,317000.0,26416.67,4228.91,0.6,2,731000.0,Education Loan,24,592,35621.48,Mortgaged,4,1.31,0.6,35621.48,0,0
Pooja Deshmukh,31,Male,Single,Doctorate,Freelancer,1,650000.0,54166.67,4815.15,0.53,0,3537000.0,Car Loan,24,691,1489450.22,Owned,2,2.81,0.53,1489450.22,0,1
Aditya Joshi,53,Male,Married,Doctorate,Business,1,509000.0,42416.67,5712.6,0.44,1,765000.0,Education Loan,24,611,1259513.47,Mortgaged,4,0.89,0.44,1259513.47,0,0
Neha Gupta,55,Male,Married,Doctorate,Salaried,0,432000.0,36000.0,5819.64,0.83,0,688000.0,Personal Loan,60,684,84937.74,Rented,3,0.48,0.83,84937.74,0,1
Amit Kumar,63,Male,Single,Post Graduate,Freelancer,1,180000.0,15000.0,6477.97,0.93,3,208000.0,Car Loan,360,753,232085.2,Mortgaged,0,0.47,0.93,232085.2,0,1
Amit Kumar,21,Female,Divorced,Doctorate,Self-Employed,1,251000.0,20916.67,1032.86,0.15,0,155000.0,Personal Loan,120,636,326300.56,Mortgaged,1,0.11,0.15,326300.56,0,1
Amit Kumar,54,Female,Divorced,Graduate,Freelancer,1,1479000.0,123250.0,26632.71,0.3,1,1412000.0,Car Loan,48,556,2340179.67,Mortgaged,0,0.45,0.3,2340179.67,1,0
Kavya Reddy,63,Female,Single,High School,Self-Employed,1,181000.0,15083.33,4522.72,0.44,0,562000.0,Home Loan,360,688,283562.03,Owned,3,0.4,0.44,283562.03,0,1
Manish Tiwari,29,Male,Single,Graduate,Self-Employed,1,180000.0,15000.0,2708.66,0.3,1,280000.0,Personal Loan,180,813,25629.7,Owned,1,0.28,0.3,25629.7,0,1
Priya Patel,24,Female,Married,High School,Self-Employed,1,263000.0,21916.67,2187.26,0.43,2,220000.0,Car Loan,12,571,218367.84,Rented,1,0.94,0.43,218367.84,1,0
Pooja Deshmukh,22,Female,Single,High School,Salaried,0,268000.0,22333.33,1826.6,0.05,0,1107000.0,Education Loan,48,740,210315.88,Rented,2,1.11,0.05,210315.88,0,0
Ananya Iyer,29,Female,Single,High School,Freelancer,1,350000.0,29166.67,4772.0,0.32,2,362000.0,Home Loan,360,557,682189.46,Owned,1,0.2,0.32,682189.46,1,0
Pooja Deshmukh,43,Female,Single,High School,Self-Employed,1,916000.0,76333.33,20071.64,0.13,0,994000.0,Medical Emergency,24,723,181819.99,Mortgaged,4,0.81,0.13,181819.99,0,0
Rohan Mehta,34,Female,Single,Graduate,Business,1,744000.0,62000.0,8411.19,0.48,0,3486000.0,Business Loan,36,654,152629.11,Owned,1,1.7,0.48,152629.11,0,1
Aditya Joshi,40,Female,Married,Doctorate,Salaried,0,245000.0,20416.67,8368.43,0.11,2,687000.0,Business Loan,12,654,122657.86,Rented,1,3.21,0.11,122657.86,0,0
Vikram Singh,26,Female,Single,Graduate,Self-Employed,1,244000.0,20333.33,6777.54,0.41,0,1041000.0,Business Loan,24,646,121327.47,Mortgaged,3,2.47,0.41,121327.47,0,0
Siddharth Rao,25,Female,Divorced,High School,Self-Employed,1,327000.0,27250.0,2257.11,0.19,0,555000.0,Medical Emergency,12,552,722660.86,Mortgaged,0,1.78,0.19,722660.86,1,0
Deepak Choudhury,24,Female,Married,Post Graduate,Business,1,304000.0,25333.33,8074.1,0.55,1,438000.0,Home Loan,360,774,204202.96,Owned,2,0.37,0.55,204202.96,0,1
Aditya Joshi,58,Male,Married,Graduate,Self-Employed,1,395000.0,32916.67,14657.51,0.24,2,450000.0,Medical Emergency,120,685,639283.37,Rented,2,0.56,0.24,639283.37,0,1
Meera Pillai,28,Female,Divorced,Post Graduate,Freelancer,1,493000.0,41083.33,16607.98,0.32,1,2918000.0,Medical Emergency,12,611,1024176.09,Owned,4,6.32,0.32,1024176.09,0,0
Aditya Joshi,33,Male,Married,Graduate,Salaried,0,534000.0,44500.0,14470.11,0.67,0,3044000.0,Education Loan,360,716,317613.39,Rented,1,0.52,0.67,317613.39,0,0
Aditya Joshi,43,Male,Divorced,Doctorate,Self-Employed,1,342000.0,28500.0,5720.67,0.71,0,987000.0,Personal Loan,240,759,111101.62,Owned,2,0.35,0.71,111101.62,0,1
Neha Gupta,46,Male,Divorced,Doctorate,Self-Employed,1,273000.0,22750.0,6629.44,0.07,0,381000.0,Personal Loan,180,584,477662.74,Owned,2,0.38,0.07,477662.74,1,0
Rahul Verma,58,Female,Single,Doctorate,Freelancer,1,439000.0,36583.33,1650.1,0.52,0,1974000.0,Home Loan,24,668,442029.24,Owned,2,2.29,0.52,442029.24,0,0
Aarav Sharma,28,Male,Single,Post Graduate,Salaried,0,350000.0,29166.67,3512.99,0.89,4,1329000.0,Home Loan,24,742,490590.94,Rented,3,2.02,0.89,490590.94,0,1
Rahul Verma,55,Male,Single,Doctorate,Freelancer,1,426000.0,35500.0,13027.05,0.33,0,1335000.0,Personal Loan,12,686,598301.43,Rented,2,3.5,0.33,598301.43,0,1
Ananya Iyer,21,Male,Single,Graduate,Business,1,904000.0,75333.33,3476.99,0.85,1,2517000.0,Home Loan,48,672,142472.29,Rented,2,0.74,0.85,142472.29,0,0
Pooja Deshmukh,62,Female,Single,Doctorate,Salaried,0,197000.0,16416.67,3633.33,0.94,2,342000.0,Education Loan,120,699,55769.88,Rented,2,0.39,0.94,55769.88,0,1
Rahul Verma,25,Male,Divorced,Post Graduate,Self-Employed,1,404000.0,33666.67,6493.72,0.35,3,605000.0,Car Loan,36,740,906366.78,Mortgaged,3,0.69,0.35,906366.78,0,1
Sneha Nair,44,Female,Single,High School,Freelancer,1,534000.0,44500.0,13251.18,0.89,1,2648000.0,Medical Emergency,24,588,1064398.01,Owned,2,2.78,0.89,1064398.01,0,0
Vikram Singh,35,Female,Single,Doctorate,Freelancer,1,351000.0,29250.0,9494.68,0.76,3,1099000.0,Home Loan,24,726,521874.84,Mortgaged,4,1.89,0.76,521874.84,0,1
Rahul Verma,52,Female,Single,Post Graduate,Freelancer,1,495000.0,41250.0,6545.3,0.49,0,1558000.0,Car Loan,120,529,213706.88,Mortgaged,1,0.47,0.49,213706.88,1,0
Siddharth Rao,27,Female,Divorced,Doctorate,Freelancer,1,446000.0,37166.67,8905.64,0.79,1,1166000.0,Business Loan,180,774,608642.94,Mortgaged,2,0.41,0.79,608642.94,0,1
Kavya Reddy,22,Male,Single,High School,Salaried,0,503000.0,41916.67,3834.36,0.82,1,1254000.0,Car Loan,36,629,1162015.43,Owned,4,0.92,0.82,1162015.43,0,0
Pooja Deshmukh,42,Male,Married,Doctorate,Self-Employed,1,601000.0,50083.33,18824.5,0.55,1,3379000.0,Car Loan,48,636,364067.58,Owned,0,1.78,0.55,364067.58,1,0
Vikram Singh,36,Male,Divorced,Post Graduate,Freelancer,1,740000.0,61666.67,20343.01,0.68,1,2099000.0,Home Loan,24,605,1251039.24,Owned,0,1.75,0.68,1251039.24,0,1
Tanvi Bhatia,59,Male,Single,Post Graduate,Business,1,333000.0,27750.0,1764.2,0.27,0,189000.0,Car Loan,36,741,645021.83,Rented,2,0.25,0.27,645021.83,0,1
Deepak Choudhury,61,Female,Married,Doctorate,Business,1,274000.0,22833.33,4561.83,0.63,1,157000.0,Home Loan,36,900,66856.53,Mortgaged,2,0.39,0.63,66856.53,1,0
Neha Gupta,56,Male,Single,Doctorate,Freelancer,1,180000.0,15000.0,4589.35,0.84,4,639000.0,Education Loan,360,689,150206.67,Owned,0,0.42,0.84,150206.67,0,1
Neha Gupta,21,Female,Single,Doctorate,Self-Employed,1,452000.0,37666.67,12596.13,0.41,1,365000.0,Car Loan,36,586,937453.39,Mortgaged,0,0.6,0.41,937453.39,0,0
Rahul Verma,48,Female,Married,High School,Freelancer,1,702000.0,58500.0,21777.45,0.2,1,3453000.0,Medical Emergency,180,606,398282.1,Owned,1,0.7,0.2,398282.1,0,0
Pooja Deshmukh,43,Female,Single,Post Graduate,Business,1,267000.0,22250.0,1629.64,0.15,1,445000.0,Home Loan,60,764,147006.23,Owned,4,0.41,0.15,147006.23,0,1
Priya Patel,57,Male,Married,Graduate,Salaried,0,787000.0,65583.33,16637.36,0.76,3,591000.0,Education Loan,24,731,1860800.07,Owned,1,0.63,0.76,1860800.07,0,1
Sneha Nair,24,Female,Divorced,Post Graduate,Business,1,440000.0,36666.67,12405.4,0.7,2,2577000.0,Medical Emergency,24,706,393872.01,Mortgaged,0,3.27,0.7,393872.01,0,0
Deepak Choudhury,24,Male,Single,Doctorate,Freelancer,1,526000.0,43833.33,11565.91,0.82,1,1102000.0,Personal Loan,240,629,152017.61,Mortgaged,3,0.37,0.82,152017.61,0,1
Kavya Reddy,62,Male,Divorced,Post Graduate,Self-Employed,1,659000.0,54916.67,24549.81,0.5,1,3926000.0,Business Loan,360,630,1537147.34,Rented,0,0.65,0.5,1537147.34,0,0
Vikram Singh,44,Female,Married,High School,Freelancer,1,198000.0,16500.0,297.1,0.69,1,843000.0,Personal Loan,48,694,493578.91,Mortgaged,3,1.08,0.69,493578.91,1,0
Vikram Singh,55,Female,Single,Graduate,Self-Employed,1,258000.0,21500.0,7414.12,0.33,4,1360000.0,Home Loan,240,499,84075.39,Rented,1,0.61,0.33,84075.39,0,0
Rahul Verma,37,Female,Divorced,High School,Business,1,869000.0,72416.67,2907.76,0.21,3,4124000.0,Education Loan,240,572,2127625.73,Rented,0,0.28,0.21,2127625.73,1,0
Vikram Singh,64,Male,Divorced,Doctorate,Salaried,0,1234000.0,102833.33,16819.67,0.31,0,3393000.0,Business Loan,36,664,1428955.25,Mortgaged,2,1.08,0.31,1428955.25,0,1
Amit Kumar,60,Female,Single,Doctorate,Freelancer,1,365000.0,30416.67,3597.45,0.84,2,1553000.0,Business Loan,12,658,685653.28,Owned,2,4.37,0.84,685653.28,0,1
Meera Pillai,43,Male,Single,Graduate,Business,1,457000.0,38083.33,6440.64,0.56,4,2375000.0,Personal Loan,180,701,1004477.47,Mortgaged,2,0.52,0.56,1004477.47,0,1
Karan Malhotra,22,Female,Divorced,Doctorate,Salaried,0,325000.0,27083.33,1045.96,0.71,2,1802000.0,Car Loan,180,599,188087.38,Rented,3,0.41,0.71,188087.38,1,0
Amit Kumar,21,Female,Single,Doctorate,Salaried,0,488000.0,40666.67,5094.26,0.08,0,662000.0,Car Loan,36,572,798621.43,Rented,1,0.58,0.08,798621.43,1,0
Tanvi Bhatia,26,Female,Single,High School,Freelancer,1,327000.0,27250.0,11999.6,0.24,0,544000.0,Home Loan,180,671,244476.8,Mortgaged,3,0.55,0.24,244476.8,0,1
Vikram Singh,47,Male,Married,Doctorate,Salaried,0,352000.0,29333.33,3938.05,0.69,0,1863000.0,Business Loan,48,668,600915.59,Rented,2,1.46,0.69,600915.59,0,1
Priya Patel,25,Male,Married,High School,Business,1,564000.0,47000.0,3479.88,0.36,0,1582000.0,Car Loan,360,630,988800.96,Owned,4,0.17,0.36,988800.96,0,1
Divya Agarwal,46,Female,Divorced,Doctorate,Salaried,0,643000.0,53583.33,13524.9,0.85,1,1024000.0,Medical Emergency,36,797,563884.11,Mortgaged,0,0.78,0.85,563884.11,0,1
Amit Kumar,43,Male,Single,Doctorate,Self-Employed,1,681000.0,56750.0,12754.59,0.33,3,3307000.0,Medical Emergency,180,728,497624.72,Mortgaged,3,0.55,0.33,497624.72,1,0
Karan Malhotra,52,Male,Divorced,Doctorate,Salaried,0,495000.0,41250.0,677.27,0.72,3,758000.0,Medical Emergency,360,740,969468.66,Mortgaged,0,0.07,0.72,969468.66,0,1
Pooja Deshmukh,30,Male,Single,Graduate,Business,1,462000.0,38500.0,14098.73,0.06,3,2509000.0,Business Loan,24,699,821602.85,Mortgaged,2,3.08,0.06,821602.85,0,1
Divya Agarwal,48,Female,Married,High School,Freelancer,1,404000.0,33666.67,7926.02,0.74,1,454000.0,Personal Loan,240,551,455760.75,Owned,3,0.29,0.74,455760.75,1,0
Neha Gupta,27,Female,Married,High School,Freelancer,1,201000.0,16750.0,4779.58,0.68,1,1137000.0,Home Loan,24,645,408885.34,Owned,1,3.11,0.68,408885.34,0,0
Aarav Sharma,53,Female,Single,Doctorate,Salaried,0,580000.0,48333.33,13779.17,0.5,1,2861000.0,Medical Emergency,60,743,1243573.72,Owned,0,1.27,0.5,1243573.72,0,1
Karan Malhotra,44,Female,Single,Post Graduate,Freelancer,1,337000.0,28083.33,12012.59,0.37,0,1640000.0,Car Loan,180,608,768085.2,Mortgaged,4,0.75,0.37,768085.2,0,0
Siddharth Rao,22,Male,Married,Post Graduate,Business,1,187000.0,15583.33,1876.61,0.64,1,410000.0,Car Loan,48,627,20565.91,Rented,0,0.67,0.64,20565.91,1,0
Aarav Sharma,50,Male,Married,High School,Business,1,658000.0,54833.33,4204.89,0.56,2,1885000.0,Business Loan,180,607,370049.31,Mortgaged,4,0.27,0.56,370049.31,0,1
Priya Patel,37,Female,Single,Doctorate,Self-Employed,1,334000.0,27833.33,5049.07,0.34,1,458000.0,Personal Loan,24,641,602555.93,Owned,0,0.87,0.34,602555.93,0,0
Manish Tiwari,34,Female,Divorced,High School,Self-Employed,1,284000.0,23666.67,10103.66,0.23,4,288000.0,Car Loan,12,787,457054.24,Mortgaged,2,1.44,0.23,457054.24,0,1
Tanvi Bhatia,35,Male,Divorced,Doctorate,Salaried,0,565000.0,47083.33,15728.32,0.17,0,1692000.0,Medical Emergency,120,652,309468.81,Mortgaged,1,0.63,0.17,309468.81,0,0
Sneha Nair,45,Male,Divorced,Post Graduate,Freelancer,1,229000.0,19083.33,6615.74,0.64,2,461000.0,Personal Loan,12,759,373757.26,Mortgaged,0,2.36,0.64,373757.26,0,1
Ananya Iyer,62,Female,Divorced,Graduate,Salaried,0,180000.0,15000.0,957.39,0.29,1,269000.0,Home Loan,240,723,382877.4,Owned,2,0.14,0.29,382877.4,0,1
Riya Sen,63,Male,Married,Graduate,Freelancer,1,600000.0,50000.0,21582.39,0.12,3,2568000.0,Car Loan,120,720,972314.59,Rented,3,0.86,0.12,972314.59,0,1
Neha Gupta,36,Female,Single,Post Graduate,Salaried,0,354000.0,29500.0,1555.92,0.36,0,852000.0,Business Loan,360,676,39660.37,Mortgaged,1,0.13,0.36,39660.37,0,1
Ananya Iyer,28,Male,Divorced,Graduate,Salaried,0,283000.0,23583.33,5497.22,0.73,1,478000.0,Education Loan,24,796,638610.36,Owned,0,1.08,0.73,638610.36,0,1
Kavya Reddy,34,Male,Divorced,Post Graduate,Business,1,189000.0,15750.0,1939.61,0.23,0,190000.0,Medical Emergency,360,699,314612.97,Rented,1,0.16,0.23,314612.97,0,1
Riya Sen,40,Female,Divorced,Doctorate,Self-Employed,1,260000.0,21666.67,2438.41,0.23,3,1340000.0,Medical Emergency,60,447,626207.69,Owned,1,1.14,0.23,626207.69,1,0
Manish Tiwari,64,Female,Single,Post Graduate,Freelancer,1,378000.0,31500.0,6144.46,0.45,0,1429000.0,Education Loan,120,649,602904.83,Mortgaged,1,0.57,0.45,602904.83,0,0
Rohan Mehta,62,Female,Married,Graduate,Freelancer,1,787000.0,65583.33,4935.94,0.08,1,2607000.0,Business Loan,180,721,633012.83,Mortgaged,2,0.3,0.08,633012.83,0,1
Deepak Choudhury,23,Female,Married,Graduate,Salaried,0,1390000.0,115833.33,9377.51,0.34,2,6741000.0,Education Loan,48,673,381328.14,Mortgaged,3,1.29,0.34,381328.14,0,0
Vikram Singh,26,Female,Single,Graduate,Business,1,199000.0,16583.33,5136.38,0.7,0,333000.0,Business Loan,120,678,449140.12,Mortgaged,3,0.48,0.7,449140.12,1,0
Sneha Nair,50,Male,Divorced,Post Graduate,Salaried,0,239000.0,19916.67,5027.59,0.69,2,1363000.0,Medical Emergency,24,627,353116.8,Mortgaged,4,3.1,0.69,353116.8,0,0
Divya Agarwal,63,Female,Married,Post Graduate,Self-Employed,1,384000.0,32000.0,715.1,0.49,1,291000.0,Education Loan,180,619,148309.12,Rented,2,0.07,0.49,148309.12,0,1
Amit Kumar,25,Female,Single,Graduate,Business,1,534000.0,44500.0,357.17,0.75,1,1958000.0,Home Loan,240,845,417843.23,Rented,0,0.19,0.75,417843.23,1,0
Meera Pillai,46,Male,Married,Graduate,Salaried,0,418000.0,34833.33,7365.58,0.8,3,1163000.0,Education Loan,60,658,360004.67,Rented,1,0.77,0.8,360004.67,0,1
Meera Pillai,32,Female,Married,Graduate,Freelancer,1,973000.0,81083.33,10889.47,0.94,0,3127000.0,Medical Emergency,24,691,2066050.24,Mortgaged,2,1.74,0.94,2066050.24,0,1
Kavya Reddy,51,Male,Single,Post Graduate,Salaried,0,1965000.0,163750.0,73211.51,0.83,1,8810000.0,Personal Loan,36,792,611586.85,Mortgaged,1,1.94,0.83,611586.85,0,1
Pooja Deshmukh,41,Male,Divorced,Graduate,Business,1,545000.0,45416.67,18052.84,0.09,4,416000.0,Education Loan,24,687,399455.09,Mortgaged,2,0.78,0.09,399455.09,0,1
Siddharth Rao,31,Female,Divorced,Post Graduate,Self-Employed,1,1002000.0,83500.0,21923.25,0.16,1,2261000.0,Personal Loan,180,827,1631825.89,Mortgaged,2,0.41,0.16,1631825.89,0,1
Deepak Choudhury,56,Male,Divorced,Doctorate,Freelancer,1,617000.0,51416.67,22590.29,0.34,0,2789000.0,Personal Loan,24,630,452352.86,Rented,4,2.7,0.34,452352.86,0,0
Pooja Deshmukh,62,Male,Divorced,Post Graduate,Salaried,0,1403000.0,116916.67,3953.53,0.5,1,2341000.0,Medical Emergency,48,610,1716656.0,Rented,4,0.45,0.5,1716656.0,0,1
Ananya Iyer,64,Female,Single,High School,Business,1,616000.0,51333.33,16366.63,0.64,2,3180000.0,Home Loan,36,662,385051.49,Rented,4,2.04,0.64,385051.49,0,0
Karan Malhotra,64,Male,Married,Post Graduate,Salaried,0,737000.0,61416.67,7678.76,0.2,0,1614000.0,Business Loan,24,640,334226.08,Owned,0,1.22,0.2,334226.08,0,0
Kavya Reddy,58,Male,Married,Post Graduate,Business,1,264000.0,22000.0,283.0,0.65,3,789000.0,Education Loan,24,677,613701.4,Owned,0,1.51,0.65,613701.4,0,1
Rohan Mehta,38,Male,Married,Doctorate,Business,1,330000.0,27500.0,657.82,0.3,0,343000.0,Medical Emergency,180,736,612745.27,Rented,0,0.09,0.3,612745.27,0,1
Rohan Mehta,62,Female,Single,High School,Freelancer,1,475000.0,39583.33,9237.89,0.15,0,368000.0,Personal Loan,24,619,297820.93,Owned,1,0.62,0.15,297820.93,0,0
Manish Tiwari,60,Female,Single,Graduate,Salaried,0,422000.0,35166.67,4359.15,0.84,1,1835000.0,Car Loan,180,627,440114.36,Owned,0,0.41,0.84,440114.36,0,1
Aditya Joshi,57,Female,Single,Post Graduate,Self-Employed,1,426000.0,35500.0,5553.44,0.31,2,1610000.0,Medical Emergency,12,630,138953.6,Mortgaged,4,3.94,0.31,138953.6,0,0
Tanvi Bhatia,50,Female,Divorced,High School,Self-Employed,1,277000.0,23083.33,1768.29,0.66,5,392000.0,Education Loan,240,656,121991.01,Owned,3,0.15,0.66,121991.01,0,1
Divya Agarwal,62,Female,Single,Post Graduate,Business,1,286000.0,23833.33,9451.49,0.2,2,1339000.0,Home Loan,120,873,694093.31,Mortgaged,0,0.86,0.2,694093.31,1,0
Kavya Reddy,32,Female,Single,Graduate,Salaried,0,747000.0,62250.0,15890.56,0.94,2,3806000.0,Business Loan,360,677,374643.93,Owned,4,0.43,0.94,374643.93,0,1
Ananya Iyer,23,Female,Divorced,High School,Freelancer,1,497000.0,41416.67,9144.71,0.37,1,1740000.0,Medical Emergency,240,783,352118.75,Rented,2,0.4,0.37,352118.75,1,0
Pooja Deshmukh,64,Female,Divorced,High School,Freelancer,1,416000.0,34666.67,1759.07,0.67,1,1874000.0,Home Loan,36,715,1018671.62,Owned,4,1.55,0.67,1018671.62,0,1
Vikram Singh,27,Female,Married,Graduate,Self-Employed,1,477000.0,39750.0,10331.54,0.68,0,1368000.0,Personal Loan,24,743,269610.45,Rented,3,1.69,0.68,269610.45,0,0
Aditya Joshi,29,Female,Divorced,Post Graduate,Business,1,788000.0,65666.67,26900.17,0.36,3,1829000.0,Business Loan,180,658,1866488.0,Rented,1,0.56,0.36,1866488.0,0,1
Priya Patel,35,Female,Divorced,Graduate,Freelancer,1,700000.0,58333.33,20877.49,0.56,0,3401000.0,Education Loan,60,781,255120.17,Owned,3,1.33,0.56,255120.17,0,1
Vikram Singh,41,Female,Divorced,Post Graduate,Business,1,211000.0,17583.33,4935.78,0.65,3,458000.0,Education Loan,24,631,426111.16,Owned,4,1.37,0.65,426111.16,0,0
Rohan Mehta,47,Female,Divorced,Graduate,Salaried,0,349000.0,29083.33,6391.5,0.05,3,851000.0,Home Loan,12,722,245500.67,Rented,4,2.66,0.05,245500.67,0,0
Deepak Choudhury,62,Male,Single,High School,Self-Employed,1,427000.0,35583.33,15947.08,0.23,2,1588000.0,Home Loan,60,634,266985.44,Rented,3,1.19,0.23,266985.44,0,0
Kavya Reddy,25,Female,Married,Doctorate,Salaried,0,391000.0,32583.33,13094.1,0.88,1,1479000.0,Personal Loan,180,748,676201.54,Rented,1,0.65,0.88,676201.54,0,1
Vikram Singh,33,Male,Married,Post Graduate,Freelancer,1,304000.0,25333.33,6318.83,0.32,1,295000.0,Business Loan,240,419,428638.06,Rented,3,0.3,0.32,428638.06,1,0
Divya Agarwal,53,Male,Single,Doctorate,Business,1,619000.0,51583.33,11694.81,0.67,2,1527000.0,Education Loan,180,567,755010.48,Rented,4,0.39,0.67,755010.48,1,0
Meera Pillai,49,Male,Married,Graduate,Self-Employed,1,180000.0,15000.0,4152.66,0.32,1,330000.0,Business Loan,120,609,72982.74,Mortgaged,1,0.46,0.32,72982.74,0,1
Sneha Nair,36,Male,Married,Post Graduate,Freelancer,1,916000.0,76333.33,23017.22,0.47,2,4302000.0,Business Loan,240,635,1936492.97,Owned,2,0.54,0.47,1936492.97,1,0
Ananya Iyer,54,Female,Divorced,Graduate,Business,1,311000.0,25916.67,6594.48,0.67,1,1634000.0,Home Loan,360,807,582960.86,Owned,3,0.43,0.67,582960.86,0,1
Deepak Choudhury,62,Male,Divorced,Doctorate,Self-Employed,1,261000.0,21750.0,2187.93,0.66,1,1354000.0,Education Loan,60,551,476570.58,Owned,2,1.14,0.66,476570.58,1,0
Tanvi Bhatia,47,Male,Single,Graduate,Salaried,0,506000.0,42166.67,2903.59,0.84,1,1700000.0,Personal Loan,48,775,176420.37,Owned,3,0.91,0.84,176420.37,0,1
Karan Malhotra,29,Female,Single,Graduate,Business,1,180000.0,15000.0,2730.76,0.93,1,902000.0,Business Loan,60,728,372968.55,Mortgaged,2,1.18,0.93,372968.55,0,1
Tanvi Bhatia,63,Male,Married,Post Graduate,Salaried,0,755000.0,62916.67,5232.37,0.79,3,3108000.0,Personal Loan,360,680,1419396.47,Mortgaged,3,0.22,0.79,1419396.47,0,1
Riya Sen,36,Female,Married,Graduate,Freelancer,1,180000.0,15000.0,2479.54,0.3,2,472000.0,Home Loan,240,633,198099.27,Rented,0,0.3,0.3,198099.27,0,1
Sneha Nair,32,Female,Single,Doctorate,Salaried,0,180000.0,15000.0,3918.63,0.08,1,734000.0,Medical Emergency,240,798,36416.94,Rented,4,0.47,0.08,36416.94,0,1
Karan Malhotra,40,Female,Married,Graduate,Self-Employed,1,180000.0,15000.0,2414.8,0.82,2,588000.0,Education Loan,360,690,186749.71,Owned,1,0.27,0.82,186749.71,0,1
Vikram Singh,34,Female,Divorced,High School,Freelancer,1,349000.0,29083.33,9359.95,0.76,2,709000.0,Medical Emergency,60,615,808404.28,Owned,3,0.73,0.76,808404.28,0,0
Riya Sen,24,Female,Married,Post Graduate,Business,1,878000.0,73166.67,4261.22,0.34,0,5052000.0,Education Loan,180,640,230183.44,Owned,1,0.44,0.34,230183.44,0,1
Neha Gupta,61,Male,Single,Graduate,Freelancer,1,1313000.0,109416.67,45999.34,0.48,1,6144000.0,Medical Emergency,48,649,463536.72,Owned,0,1.59,0.48,463536.72,0,0
Siddharth Rao,48,Female,Single,Graduate,Business,1,473000.0,39416.67,2030.48,0.81,1,426000.0,Education Loan,12,713,1095714.92,Rented,0,0.95,0.81,1095714.92,0,1
Karan Malhotra,25,Female,Single,Post Graduate,Self-Employed,1,663000.0,55250.0,6277.66,0.44,1,1375000.0,Personal Loan,36,668,756981.06,Mortgaged,1,0.8,0.44,756981.06,0,1
Rohan Mehta,53,Male,Divorced,Graduate,Salaried,0,515000.0,42916.67,3930.86,0.78,3,2788000.0,Education Loan,180,599,753912.66,Owned,0,0.45,0.78,753912.66,0,1
Deepak Choudhury,21,Female,Single,Post Graduate,Freelancer,1,425000.0,35416.67,7982.3,0.37,1,2316000.0,Personal Loan,24,814,490155.62,Mortgaged,3,2.95,0.37,490155.62,0,1
Rahul Verma,40,Male,Single,High School,Salaried,0,793000.0,66083.33,3506.87,0.26,0,3020000.0,Education Loan,12,690,505657.2,Rented,4,3.86,0.26,505657.2,0,0
Aditya Joshi,38,Female,Divorced,High School,Salaried,0,538000.0,44833.33,17601.53,0.19,3,1121000.0,Business Loan,48,668,1155445.66,Mortgaged,2,0.91,0.19,1155445.66,0,1
Siddharth Rao,61,Male,Divorced,Graduate,Freelancer,1,1220000.0,101666.67,42864.41,0.94,1,4993000.0,Home Loan,120,645,1355875.88,Owned,3,0.83,0.94,1355875.88,0,0
Priya Patel,64,Male,Single,High School,Salaried,0,379000.0,31583.33,3348.71,0.12,3,2166000.0,Business Loan,12,631,352481.13,Owned,0,5.82,0.12,352481.13,0,0
Tanvi Bhatia,37,Male,Divorced,Doctorate,Self-Employed,1,630000.0,52500.0,6390.76,0.09,2,438000.0,Business Loan,48,695,1046309.5,Rented,2,0.3,0.09,1046309.5,0,1
Kavya Reddy,40,Male,Single,Graduate,Self-Employed,1,1407000.0,117250.0,28184.98,0.82,1,5981000.0,Medical Emergency,12,711,2006368.36,Owned,1,4.49,0.82,2006368.36,0,1
Siddharth Rao,27,Male,Married,Doctorate,Self-Employed,1,180000.0,15000.0,780.19,0.16,0,699000.0,Education Loan,120,756,101654.91,Rented,0,0.44,0.16,101654.91,0,1
Kavya Reddy,25,Male,Single,Graduate,Self-Employed,1,423000.0,35250.0,6552.25,0.73,0,2091000.0,Business Loan,12,666,1048301.01,Owned,4,5.13,0.73,1048301.01,0,1
Kavya Reddy,38,Male,Single,Graduate,Self-Employed,1,519000.0,43250.0,8535.39,0.3,0,1156000.0,Business Loan,48,621,1295119.42,Owned,2,0.75,0.3,1295119.42,0,0
Riya Sen,55,Male,Divorced,Graduate,Salaried,0,426000.0,35500.0,3996.93,0.54,2,1373000.0,Medical Emergency,120,664,960347.32,Owned,3,0.43,0.54,960347.32,0,1
Sneha Nair,21,Female,Divorced,High School,Self-Employed,1,630000.0,52500.0,12446.69,0.29,0,2733000.0,Business Loan,24,613,144644.27,Rented,2,2.41,0.29,144644.27,0,0
Tanvi Bhatia,52,Female,Married,Graduate,Self-Employed,1,488000.0,40666.67,16690.5,0.81,2,1642000.0,Education Loan,360,877,295653.39,Rented,1,0.52,0.81,295653.39,0,1
Vikram Singh,59,Male,Single,Doctorate,Freelancer,1,356000.0,29666.67,12723.15,0.07,2,1816000.0,Education Loan,60,727,538192.39,Rented,3,1.45,0.07,538192.39,0,0
Rahul Verma,38,Male,Married,Doctorate,Freelancer,1,350000.0,29166.67,247.39,0.39,2,1030000.0,Personal Loan,48,625,353634.66,Mortgaged,2,0.74,0.39,353634.66,0,0
Priya Patel,55,Female,Single,High School,Salaried,0,716000.0,59666.67,24434.95,0.73,2,1682000.0,Education Loan,48,900,1372862.21,Rented,3,1.0,0.73,1372862.21,0,1
Tanvi Bhatia,32,Female,Married,Graduate,Salaried,0,361000.0,30083.33,7490.22,0.91,0,2032000.0,Education Loan,360,648,437678.6,Mortgaged,3,0.44,0.91,437678.6,0,1
Deepak Choudhury,58,Female,Single,Doctorate,Freelancer,1,567000.0,47250.0,15854.04,0.88,0,695000.0,Home Loan,60,625,1144780.61,Rented,1,0.58,0.88,1144780.61,0,0
Kavya Reddy,25,Female,Married,Doctorate,Salaried,0,466000.0,38833.33,10756.69,0.38,2,1923000.0,Medical Emergency,12,823,185624.29,Mortgaged,0,4.4,0.38,185624.29,0,1
Aditya Joshi,24,Male,Married,Doctorate,Salaried,0,358000.0,29833.33,5905.78,0.47,1,2081000.0,Car Loan,360,773,222970.28,Owned,1,0.39,0.47,222970.28,0,1
Rahul Verma,58,Female,Divorced,High School,Salaried,0,1160000.0,96666.67,19159.12,0.28,2,5599000.0,Education Loan,240,599,470187.38,Mortgaged,2,0.44,0.28,470187.38,0,1
Tanvi Bhatia,42,Male,Single,Graduate,Salaried,0,281000.0,23416.67,1941.59,0.51,0,821000.0,Education Loan,12,711,401318.17,Owned,4,3.0,0.51,401318.17,1,0
Aditya Joshi,37,Female,Single,High School,Salaried,0,721000.0,60083.33,16238.15,0.36,0,668000.0,Car Loan,24,876,956395.86,Owned,0,0.73,0.36,956395.86,0,1
Manish Tiwari,26,Female,Divorced,Doctorate,Salaried,0,715000.0,59583.33,17210.59,0.84,0,920000.0,Education Loan,120,764,646335.61,Rented,4,0.42,0.84,646335.61,0,1
Pooja Deshmukh,39,Female,Married,Graduate,Self-Employed,1,387000.0,32250.0,5344.98,0.31,1,513000.0,Business Loan,12,771,137368.38,Owned,2,1.49,0.31,137368.38,0,1
Deepak Choudhury,51,Female,Single,Doctorate,Salaried,0,332000.0,27666.67,8180.39,0.19,0,1559000.0,Medical Emergency,24,532,794286.91,Owned,4,2.64,0.19,794286.91,1,0
Manish Tiwari,47,Female,Divorced,Graduate,Salaried,0,230000.0,19166.67,5236.26,0.64,0,773000.0,Education Loan,60,724,130653.02,Mortgaged,0,0.95,0.64,130653.02,0,0
Kavya Reddy,61,Female,Single,High School,Self-Employed,1,305000.0,25416.67,5213.46,0.72,2,346000.0,Personal Loan,240,632,566908.38,Rented,2,0.26,0.72,566908.38,0,1
Pooja Deshmukh,55,Male,Married,Doctorate,Self-Employed,1,877000.0,73083.33,14765.44,0.43,1,3185000.0,Personal Loan,360,900,603257.98,Rented,4,0.32,0.43,603257.98,0,1
Vikram Singh,55,Female,Married,High School,Business,1,180000.0,15000.0,796.26,0.42,2,590000.0,Personal Loan,240,651,291296.06,Owned,1,0.22,0.42,291296.06,0,1
Karan Malhotra,54,Male,Single,Graduate,Freelancer,1,340000.0,28333.33,3358.05,0.55,1,1909000.0,Medical Emergency,24,675,137140.73,Owned,0,2.93,0.55,137140.73,0,0
Aarav Sharma,52,Male,Single,Post Graduate,Freelancer,1,338000.0,28166.67,11461.5,0.37,1,917000.0,Business Loan,48,693,611361.02,Owned,0,1.09,0.37,611361.02,0,1
Amit Kumar,31,Male,Divorced,Graduate,Salaried,0,327000.0,27250.0,9058.9,0.37,1,971000.0,Car Loan,240,602,613999.38,Rented,3,0.48,0.37,613999.38,0,1
Riya Sen,45,Male,Divorced,Post Graduate,Salaried,0,322000.0,26833.33,1838.5,0.06,2,1211000.0,Medical Emergency,240,673,325380.68,Rented,1,0.26,0.06,325380.68,0,1
Manish Tiwari,25,Female,Single,Post Graduate,Business,1,469000.0,39083.33,8675.8,0.09,0,1570000.0,Business Loan,360,650,996980.04,Rented,2,0.33,0.09,996980.04,0,1
Siddharth Rao,51,Female,Single,Post Graduate,Salaried,0,237000.0,19750.0,7234.31,0.71,2,1408000.0,Personal Loan,180,598,318983.97,Mortgaged,2,0.76,0.71,318983.97,0,0
Amit Kumar,54,Male,Married,High School,Self-Employed,1,464000.0,38666.67,2062.79,0.3,1,1352000.0,Personal Loan,60,774,1092298.55,Rented,3,0.64,0.3,1092298.55,0,1
Ananya Iyer,59,Male,Divorced,High School,Self-Employed,1,571000.0,47583.33,2055.09,0.55,0,1883000.0,Personal Loan,12,779,877135.77,Owned,1,3.34,0.55,877135.77,0,1
Meera Pillai,47,Male,Single,Doctorate,Salaried,0,372000.0,31000.0,5155.09,0.3,1,2125000.0,Car Loan,240,547,502254.07,Rented,4,0.45,0.3,502254.07,0,0
Ananya Iyer,43,Female,Married,Doctorate,Business,1,584000.0,48666.67,1902.32,0.17,3,1186000.0,Medical Emergency,24,405,1415764.91,Owned,3,1.05,0.17,1415764.91,1,0
Kavya Reddy,23,Male,Married,Post Graduate,Business,1,586000.0,48833.33,6067.47,0.62,2,1946000.0,Home Loan,120,798,1313492.06,Owned,0,0.46,0.62,1313492.06,0,1
Deepak Choudhury,41,Female,Single,Graduate,Salaried,0,180000.0,15000.0,1659.92,0.58,0,953000.0,Personal Loan,48,585,132603.57,Owned,3,1.43,0.58,132603.57,0,0
Neha Gupta,31,Female,Married,Post Graduate,Self-Employed,1,695000.0,57916.67,16543.77,0.13,1,2321000.0,Medical Emergency,48,712,74833.78,Owned,3,1.12,0.13,74833.78,0,1
Tanvi Bhatia,59,Male,Divorced,Post Graduate,Salaried,0,698000.0,58166.67,10945.32,0.29,1,1809000.0,Business Loan,48,752,1138099.54,Rented,1,0.84,0.29,1138099.54,0,1
Neha Gupta,38,Female,Single,High School,Freelancer,1,482000.0,40166.67,8860.76,0.62,3,1826000.0,Business Loan,240,620,389938.64,Owned,1,0.41,0.62,389938.64,0,1
Sneha Nair,32,Female,Married,High School,Self-Employed,1,663000.0,55250.0,16469.37,0.15,3,2026000.0,Education Loan,24,665,619367.03,Rented,1,1.83,0.15,619367.03,0,1
Riya Sen,41,Female,Divorced,Doctorate,Self-Employed,1,940000.0,78333.33,1020.93,0.29,0,1582000.0,Car Loan,12,765,1362452.49,Rented,4,1.7,0.29,1362452.49,0,1
Amit Kumar,35,Female,Married,Doctorate,Freelancer,1,365000.0,30416.67,5456.93,0.87,3,721000.0,Medical Emergency,48,689,334201.2,Owned,2,0.67,0.87,334201.2,0,1
Divya Agarwal,41,Male,Divorced,Post Graduate,Self-Employed,1,559000.0,46583.33,16341.36,0.15,1,3256000.0,Business Loan,120,734,229255.29,Mortgaged,0,0.93,0.15,229255.29,1,0
Aarav Sharma,31,Female,Single,High School,Business,1,285000.0,23750.0,8195.62,0.55,1,1169000.0,Business Loan,48,498,276174.86,Owned,2,1.37,0.55,276174.86,1,0
Meera Pillai,41,Female,Divorced,Post Graduate,Business,1,389000.0,32416.67,11688.75,0.87,1,904000.0,Personal Loan,360,786,723540.95,Owned,1,0.44,0.87,723540.95,1,1
Aarav Sharma,30,Male,Divorced,Doctorate,Freelancer,1,206000.0,17166.67,326.65,0.3,0,130000.0,Medical Emergency,48,710,37299.85,Mortgaged,4,0.18,0.3,37299.85,0,1
Siddharth Rao,42,Female,Single,High School,Salaried,0,409000.0,34083.33,1173.73,0.5,0,1787000.0,Medical Emergency,180,730,60683.34,Mortgaged,3,0.33,0.5,60683.34,0,1
Tanvi Bhatia,58,Male,Single,Doctorate,Self-Employed,1,180000.0,15000.0,5612.43,0.82,3,867000.0,Car Loan,360,710,339184.81,Rented,3,0.53,0.82,339184.81,0,1
Rohan Mehta,48,Male,Married,Doctorate,Freelancer,1,797000.0,66416.67,8704.4,0.13,2,4637000.0,Business Loan,60,781,1004250.96,Mortgaged,1,1.29,0.13,1004250.96,0,1
Kavya Reddy,22,Female,Single,Doctorate,Freelancer,1,737000.0,61416.67,26295.9,0.74,2,3265000.0,Car Loan,48,717,1095853.24,Owned,4,1.54,0.74,1095853.24,0,1
Kavya Reddy,23,Female,Married,Doctorate,Salaried,0,180000.0,15000.0,4339.03,0.35,1,892000.0,Home Loan,24,764,260302.5,Owned,1,2.77,0.35,260302.5,0,1
Riya Sen,43,Male,Single,Post Graduate,Freelancer,1,624000.0,52000.0,14425.83,0.48,2,2793000.0,Business Loan,48,772,150658.0,Rented,0,1.4,0.48,150658.0,0,1
Sneha Nair,37,Female,Single,Graduate,Business,1,333000.0,27750.0,8603.86,0.59,1,1763000.0,Education Loan,48,673,636726.31,Rented,2,1.63,0.59,636726.31,0,1
Amit Kumar,31,Male,Married,Doctorate,Freelancer,1,616000.0,51333.33,11883.36,0.82,0,3671000.0,Home Loan,24,564,690957.87,Owned,4,3.21,0.82,690957.87,1,0
Aarav Sharma,21,Male,Divorced,Graduate,Self-Employed,1,659000.0,54916.67,4877.45,0.83,0,741000.0,Car Loan,240,611,335914.05,Mortgaged,0,0.15,0.83,335914.05,0,1
Meera Pillai,54,Female,Married,Graduate,Business,1,1067000.0,88916.67,4704.8,0.95,1,4758000.0,Medical Emergency,60,728,1444667.05,Mortgaged,2,0.94,0.95,1444667.05,0,1
Manish Tiwari,33,Male,Single,High School,Self-Employed,1,249000.0,20750.0,7496.27,0.91,1,633000.0,Business Loan,60,558,307032.96,Owned,2,0.87,0.91,307032.96,1,0
Vikram Singh,32,Male,Divorced,Doctorate,Salaried,0,596000.0,49666.67,7100.33,0.21,0,1840000.0,Home Loan,60,653,1062975.01,Owned,1,0.76,0.21,1062975.01,0,1
Meera Pillai,61,Female,Married,Graduate,Salaried,0,200000.0,16666.67,4687.3,0.59,2,173000.0,Medical Emergency,360,728,444004.73,Rented,4,0.31,0.59,444004.73,0,1
Rohan Mehta,21,Female,Married,Doctorate,Business,1,278000.0,23166.67,3828.84,0.74,1,1568000.0,Business Loan,360,674,455875.09,Owned,0,0.35,0.74,455875.09,1,0
Vikram Singh,36,Male,Divorced,Post Graduate,Business,1,1000000.0,83333.33,6687.2,0.56,0,1197000.0,Business Loan,180,648,892384.46,Mortgaged,2,0.16,0.56,892384.46,0,1
Tanvi Bhatia,57,Female,Single,Post Graduate,Salaried,0,993000.0,82750.0,29170.55,0.94,2,995000.0,Business Loan,36,566,440892.0,Rented,4,0.69,0.94,440892.0,1,0
Amit Kumar,46,Male,Single,Post Graduate,Freelancer,1,793000.0,66083.33,12650.5,0.47,3,1716000.0,Home Loan,48,670,1145368.22,Rented,3,0.73,0.47,1145368.22,0,1
Riya Sen,34,Female,Married,High School,Salaried,0,230000.0,19166.67,7618.34,0.81,1,1324000.0,Medical Emergency,60,751,415663.92,Rented,2,1.55,0.81,415663.92,0,1
Riya Sen,57,Female,Divorced,Graduate,Freelancer,1,389000.0,32416.67,9512.39,0.21,1,2048000.0,Car Loan,120,798,719019.67,Owned,3,0.82,0.21,719019.67,0,1
Rohan Mehta,55,Female,Married,Post Graduate,Salaried,0,260000.0,21666.67,1909.4,0.37,3,409000.0,Business Loan,60,694,230953.76,Rented,0,0.4,0.37,230953.76,0,1
Deepak Choudhury,53,Male,Divorced,High School,Salaried,0,837000.0,69750.0,20314.56,0.63,0,2252000.0,Medical Emergency,60,673,634460.39,Owned,4,0.83,0.63,634460.39,0,1
Aarav Sharma,34,Female,Divorced,Doctorate,Freelancer,1,199000.0,16583.33,1296.77,0.72,2,808000.0,Business Loan,24,581,38141.26,Owned,1,2.11,0.72,38141.26,0,0
Vikram Singh,64,Male,Single,Graduate,Freelancer,1,723000.0,60250.0,22613.57,0.16,0,2125000.0,Medical Emergency,12,694,617563.27,Mortgaged,0,3.31,0.16,617563.27,0,0
Rohan Mehta,58,Male,Married,High School,Self-Employed,1,404000.0,33666.67,13721.73,0.58,1,2300000.0,Business Loan,12,612,952352.59,Rented,3,6.1,0.58,952352.59,0,0
Priya Patel,54,Male,Single,Post Graduate,Business,1,349000.0,29083.33,1098.94,0.45,2,703000.0,Personal Loan,360,708,377689.07,Mortgaged,2,0.1,0.45,377689.07,0,1
Aarav Sharma,50,Female,Married,High School,Salaried,0,655000.0,54583.33,8386.93,0.56,0,2836000.0,Business Loan,240,620,204090.59,Owned,4,0.37,0.56,204090.59,0,1
Rahul Verma,50,Male,Married,Graduate,Self-Employed,1,392000.0,32666.67,11594.43,0.25,1,1003000.0,Home Loan,48,606,328761.61,Mortgaged,2,0.99,0.25,328761.61,0,0
Rohan Mehta,33,Male,Married,Graduate,Freelancer,1,564000.0,47000.0,14930.08,0.21,2,718000.0,Education Loan,180,597,362259.97,Owned,4,0.4,0.21,362259.97,0,1
Rohan Mehta,25,Male,Married,High School,Freelancer,1,1284000.0,107000.0,12737.85,0.49,1,4729000.0,Education Loan,360,638,1514112.76,Mortgaged,0,0.24,0.49,1514112.76,0,1
Neha Gupta,54,Male,Divorced,Doctorate,Self-Employed,1,306000.0,25500.0,6172.96,0.24,1,1335000.0,Education Loan,60,697,182949.05,Mortgaged,4,1.11,0.24,182949.05,0,0
Meera Pillai,23,Female,Single,Post Graduate,Business,1,992000.0,82666.67,8119.08,0.28,2,5526000.0,Business Loan,36,670,1230579.54,Rented,1,1.96,0.28,1230579.54,0,0
Pooja Deshmukh,32,Female,Divorced,Graduate,Business,1,1249000.0,104083.33,32846.59,0.62,1,6596000.0,Home Loan,36,547,1388111.91,Rented,4,2.08,0.62,1388111.91,1,0
Ananya Iyer,56,Male,Married,High School,Self-Employed,1,360000.0,30000.0,6302.36,0.22,0,223000.0,Business Loan,240,724,548848.59,Mortgaged,4,0.24,0.22,548848.59,0,1
Siddharth Rao,50,Female,Single,High School,Business,1,209000.0,17416.67,4709.88,0.48,3,566000.0,Home Loan,48,682,403707.57,Mortgaged,2,0.95,0.48,403707.57,0,1
Divya Agarwal,43,Female,Divorced,Doctorate,Salaried,0,485000.0,40416.67,2983.22,0.2,1,1044000.0,Business Loan,360,726,279509.93,Mortgaged,1,0.15,0.2,279509.93,0,1
Vikram Singh,62,Female,Single,Graduate,Business,1,729000.0,60750.0,21674.9,0.18,0,1752000.0,Car Loan,36,756,878744.28,Mortgaged,4,1.16,0.18,878744.28,0,1
Neha Gupta,39,Female,Married,Graduate,Self-Employed,1,221000.0,18416.67,1957.37,0.23,1,220000.0,Personal Loan,36,642,385272.08,Rented,4,0.44,0.23,385272.08,1,0
Neha Gupta,25,Female,Single,Doctorate,Freelancer,1,1332000.0,111000.0,34904.05,0.87,1,5563000.0,Car Loan,48,812,2572537.97,Owned,2,1.36,0.87,2572537.97,0,1
Amit Kumar,43,Male,Married,High School,Business,1,474000.0,39500.0,14571.79,0.71,0,1344000.0,Car Loan,360,656,128916.77,Rented,1,0.46,0.71,128916.77,0,1
Manish Tiwari,36,Male,Single,Post Graduate,Self-Employed,1,461000.0,38416.67,6381.38,0.36,1,2318000.0,Business Loan,180,851,1057997.95,Mortgaged,1,0.5,0.36,1057997.95,0,1
Riya Sen,26,Male,Single,Post Graduate,Business,1,386000.0,32166.67,6302.42,0.36,2,1582000.0,Car Loan,36,805,302590.76,Rented,1,1.56,0.36,302590.76,0,1
Riya Sen,37,Male,Married,Doctorate,Self-Employed,1,180000.0,15000.0,1103.91,0.66,2,916000.0,Car Loan,24,659,167595.93,Mortgaged,3,2.62,0.66,167595.93,0,0
Siddharth Rao,55,Male,Single,High School,Self-Employed,1,707000.0,58916.67,15236.26,0.4,1,2122000.0,Car Loan,180,704,787525.15,Owned,0,0.46,0.4,787525.15,0,1
Aditya Joshi,33,Male,Divorced,Doctorate,Business,1,200000.0,16666.67,5857.53,0.69,1,1029000.0,Education Loan,24,664,397037.47,Rented,3,2.92,0.69,397037.47,0,1
Siddharth Rao,22,Male,Single,Graduate,Business,1,364000.0,30333.33,12942.95,0.69,2,698000.0,Business Loan,240,672,416318.19,Rented,2,0.52,0.69,416318.19,0,1
Ananya Iyer,23,Female,Married,High School,Salaried,0,180000.0,15000.0,6001.87,0.67,2,340000.0,Education Loan,60,622,349272.18,Owned,3,0.78,0.67,349272.18,0,0
Neha Gupta,25,Female,Married,Doctorate,Salaried,0,262000.0,21833.33,4389.52,0.32,1,182000.0,Home Loan,120,662,486421.43,Mortgaged,2,0.27,0.32,486421.43,0,1
Kavya Reddy,42,Male,Single,Graduate,Self-Employed,1,758000.0,63166.67,20658.93,0.62,0,2176000.0,Education Loan,120,781,1843794.57,Mortgaged,2,0.61,0.62,1843794.57,0,1
Deepak Choudhury,35,Female,Single,Graduate,Business,1,186000.0,15500.0,2600.25,0.18,0,1092000.0,Medical Emergency,24,636,189085.96,Mortgaged,1,3.1,0.18,189085.96,1,0
Sneha Nair,52,Female,Married,Graduate,Self-Employed,1,206000.0,17166.67,7341.52,0.28,0,843000.0,Home Loan,180,567,497775.13,Owned,2,0.7,0.28,497775.13,1,0
Sneha Nair,60,Male,Divorced,Graduate,Business,1,395000.0,32916.67,8492.54,0.24,2,2230000.0,Education Loan,36,662,301957.41,Mortgaged,2,2.14,0.24,301957.41,1,0
Siddharth Rao,46,Male,Divorced,High School,Business,1,514000.0,42833.33,97.36,0.24,0,2468000.0,Medical Emergency,36,752,390354.62,Rented,0,1.6,0.24,390354.62,0,1
Amit Kumar,41,Male,Single,Post Graduate,Salaried,0,422000.0,35166.67,11220.06,0.25,1,1630000.0,Medical Emergency,240,686,637639.47,Mortgaged,3,0.51,0.25,637639.47,0,1
Meera Pillai,37,Female,Married,Graduate,Business,1,307000.0,25583.33,3921.11,0.36,2,904000.0,Car Loan,240,733,185897.63,Mortgaged,2,0.3,0.36,185897.63,0,1
Siddharth Rao,25,Female,Married,Graduate,Salaried,0,1854000.0,154500.0,43896.98,0.56,1,4448000.0,Personal Loan,360,786,1828154.3,Rented,3,0.36,0.56,1828154.3,0,1
Karan Malhotra,51,Female,Single,Post Graduate,Self-Employed,1,180000.0,15000.0,4213.79,0.56,1,501000.0,Home Loan,60,681,258381.86,Rented,1,0.84,0.56,258381.86,0,1
Siddharth Rao,59,Male,Married,Graduate,Salaried,0,180000.0,15000.0,2671.31,0.24,5,200000.0,Education Loan,36,774,391633.9,Mortgaged,0,0.55,0.24,391633.9,0,1
Meera Pillai,52,Female,Married,Post Graduate,Freelancer,1,300000.0,25000.0,10130.16,0.3,3,1421000.0,Medical Emergency,24,584,508248.9,Mortgaged,0,2.77,0.3,508248.9,0,0
Amit Kumar,55,Female,Single,Doctorate,Freelancer,1,275000.0,22916.67,7804.79,0.31,1,1536000.0,Personal Loan,36,683,291535.88,Owned,2,2.2,0.31,291535.88,0,0
Amit Kumar,40,Female,Divorced,Post Graduate,Salaried,0,180000.0,15000.0,2587.64,0.64,1,1055000.0,Car Loan,48,691,292932.09,Mortgaged,1,1.64,0.64,292932.09,0,0
Tanvi Bhatia,40,Male,Divorced,Doctorate,Salaried,0,263000.0,21916.67,3205.51,0.27,3,955000.0,Car Loan,24,688,627105.25,Owned,3,1.96,0.27,627105.25,0,1
Siddharth Rao,29,Male,Single,Doctorate,Business,1,575000.0,47916.67,15590.98,0.27,2,1781000.0,Medical Emergency,48,689,502859.4,Rented,4,1.1,0.27,502859.4,1,0
Aarav Sharma,42,Male,Divorced,Doctorate,Freelancer,1,860000.0,71666.67,7902.77,0.59,2,5111000.0,Personal Loan,240,611,1118443.63,Owned,4,0.41,0.59,1118443.63,0,1
Amit Kumar,36,Male,Single,Doctorate,Salaried,0,242000.0,20166.67,62.47,0.08,2,1022000.0,Business Loan,240,668,524947.74,Owned,0,0.21,0.08,524947.74,0,1
Aditya Joshi,45,Male,Divorced,Graduate,Freelancer,1,413000.0,34416.67,7446.51,0.7,1,872000.0,Car Loan,12,555,401475.58,Mortgaged,4,2.33,0.7,401475.58,1,0
Karan Malhotra,40,Female,Single,Graduate,Self-Employed,1,986000.0,82166.67,31320.43,0.73,1,3637000.0,Home Loan,36,714,965801.61,Mortgaged,0,1.61,0.73,965801.61,0,0
Kavya Reddy,59,Female,Single,High School,Salaried,0,1596000.0,133000.0,19752.04,0.67,5,4820000.0,Medical Emergency,240,798,3041985.47,Rented,0,0.3,0.67,3041985.47,0,1
Karan Malhotra,24,Female,Married,High School,Business,1,505000.0,42083.33,11256.98,0.74,0,664000.0,Education Loan,12,652,318378.11,Rented,0,1.58,0.74,318378.11,0,1
Sneha Nair,36,Female,Divorced,Post Graduate,Business,1,687000.0,57250.0,12244.53,0.45,0,1458000.0,Medical Emergency,36,713,310292.3,Rented,3,0.92,0.45,310292.3,0,0
Aditya Joshi,55,Male,Single,Post Graduate,Business,1,600000.0,50000.0,3338.18,0.06,1,1502000.0,Business Loan,360,674,644416.27,Mortgaged,0,0.15,0.06,644416.27,0,1
Pooja Deshmukh,26,Male,Divorced,High School,Business,1,1143000.0,95250.0,16201.11,0.88,0,4648000.0,Business Loan,240,656,595422.6,Rented,3,0.37,0.88,595422.6,1,0
Rahul Verma,58,Female,Single,High School,Self-Employed,1,1042000.0,86833.33,8764.91,0.3,1,4980000.0,Home Loan,48,642,995738.86,Rented,4,1.3,0.3,995738.86,0,0
Aarav Sharma,54,Male,Divorced,Post Graduate,Business,1,233000.0,19416.67,5803.83,0.41,2,243000.0,Education Loan,360,894,60876.97,Mortgaged,1,0.33,0.41,60876.97,0,1
Meera Pillai,51,Male,Single,Doctorate,Self-Employed,1,645000.0,53750.0,5918.49,0.77,0,971000.0,Medical Emergency,48,654,417970.21,Mortgaged,0,0.49,0.77,417970.21,0,1
Priya Patel,34,Female,Divorced,High School,Salaried,0,266000.0,22166.67,7412.53,0.71,0,1475000.0,Personal Loan,360,678,219882.53,Owned,4,0.52,0.71,219882.53,0,0
Manish Tiwari,47,Female,Married,Graduate,Salaried,0,665000.0,55416.67,7951.53,0.62,1,1051000.0,Home Loan,240,662,199584.39,Owned,1,0.22,0.62,199584.39,0,1
Manish Tiwari,29,Male,Divorced,Doctorate,Business,1,745000.0,62083.33,15905.64,0.57,0,3901000.0,Home Loan,240,573,1464483.81,Owned,4,0.52,0.57,1464483.81,1,0
Tanvi Bhatia,48,Female,Single,High School,Freelancer,1,630000.0,52500.0,14206.99,0.49,1,927000.0,Business Loan,240,735,840470.76,Mortgaged,3,0.34,0.49,840470.76,0,1
Meera Pillai,35,Male,Married,High School,Business,1,268000.0,22333.33,6290.51,0.15,2,1249000.0,Personal Loan,240,549,30991.92,Mortgaged,1,0.51,0.15,30991.92,1,0
Neha Gupta,40,Male,Single,Doctorate,Business,1,393000.0,32750.0,1393.7,0.83,3,937000.0,Medical Emergency,360,600,815136.41,Owned,1,0.12,0.83,815136.41,0,1
Kavya Reddy,28,Male,Married,High School,Business,1,528000.0,44000.0,15175.13,0.47,0,2253000.0,Business Loan,48,715,776381.88,Owned,1,1.41,0.47,776381.88,0,1
Rohan Mehta,34,Female,Single,Post Graduate,Self-Employed,1,1799000.0,149916.67,21971.27,0.51,2,5587000.0,Business Loan,180,658,3546569.81,Rented,4,0.35,0.51,3546569.81,0,1
Aditya Joshi,59,Female,Married,High School,Self-Employed,1,295000.0,24583.33,3387.7,0.7,1,1493000.0,Education Loan,240,717,247575.95,Mortgaged,3,0.39,0.7,247575.95,0,1
Divya Agarwal,52,Male,Married,Graduate,Freelancer,1,293000.0,24416.67,3885.31,0.77,0,1718000.0,Education Loan,12,558,604892.45,Owned,0,6.02,0.77,604892.45,0,0
Sneha Nair,55,Female,Single,High School,Freelancer,1,483000.0,40250.0,14325.54,0.34,0,1729000.0,Personal Loan,48,633,764170.73,Rented,2,1.25,0.34,764170.73,0,0
Ananya Iyer,51,Male,Single,Post Graduate,Business,1,2803000.0,233583.33,75980.48,0.9,1,10543000.0,Home Loan,180,802,4907274.66,Mortgaged,4,0.58,0.9,4907274.66,0,1
Aditya Joshi,22,Female,Single,Graduate,Salaried,0,745000.0,62083.33,17869.62,0.3,0,1886000.0,Education Loan,24,528,918151.47,Mortgaged,3,1.55,0.3,918151.47,0,0
Divya Agarwal,34,Male,Single,High School,Self-Employed,1,294000.0,24500.0,6194.25,0.44,0,677000.0,Business Loan,60,767,422189.48,Rented,1,0.71,0.44,422189.48,0,1
Vikram Singh,44,Male,Divorced,High School,Business,1,803000.0,66916.67,27254.93,0.45,3,4308000.0,Personal Loan,120,803,982858.64,Rented,0,0.94,0.45,982858.64,0,1
Rohan Mehta,38,Female,Married,Graduate,Self-Employed,1,343000.0,28583.33,1533.09,0.42,0,919000.0,Car Loan,12,724,718934.4,Owned,3,2.73,0.42,718934.4,0,1
Deepak Choudhury,27,Female,Single,Doctorate,Salaried,0,694000.0,57833.33,24978.49,0.84,1,1595000.0,Business Loan,240,664,540175.88,Rented,4,0.55,0.84,540175.88,0,1
Rahul Verma,62,Male,Divorced,Graduate,Self-Employed,1,270000.0,22500.0,8085.73,0.81,1,265000.0,Car Loan,48,570,514235.96,Mortgaged,1,0.6,0.81,514235.96,1,0
Aditya Joshi,28,Female,Married,Post Graduate,Business,1,370000.0,30833.33,1013.23,0.63,1,877000.0,Business Loan,180,634,826784.52,Rented,1,0.19,0.63,826784.52,0,1
Aarav Sharma,57,Female,Single,Graduate,Self-Employed,1,651000.0,54250.0,7870.21,0.19,0,3389000.0,Business Loan,120,763,896865.94,Mortgaged,3,0.67,0.19,896865.94,0,1
Manish Tiwari,34,Female,Divorced,Post Graduate,Self-Employed,1,392000.0,32666.67,11362.98,0.24,1,588000.0,Home Loan,360,626,605487.72,Owned,4,0.4,0.24,605487.72,0,1
Meera Pillai,23,Female,Single,High School,Business,1,180000.0,15000.0,6267.14,0.64,1,290000.0,Personal Loan,180,682,446113.57,Owned,3,0.53,0.64,446113.57,0,1
Rohan Mehta,31,Female,Single,Post Graduate,Freelancer,1,180000.0,15000.0,830.99,0.9,1,115000.0,Medical Emergency,48,558,182339.96,Rented,1,0.22,0.9,182339.96,1,0
Rohan Mehta,62,Male,Married,Graduate,Salaried,0,443000.0,36916.67,16101.56,0.51,1,1631000.0,Business Loan,24,838,217477.2,Owned,4,2.28,0.51,217477.2,0,1
Riya Sen,62,Female,Divorced,High School,Freelancer,1,785000.0,65416.67,5622.01,0.94,0,3846000.0,Education Loan,240,692,559456.07,Owned,2,0.33,0.94,559456.07,0,1
Aarav Sharma,60,Male,Married,Doctorate,Freelancer,1,378000.0,31500.0,13630.24,0.14,0,938000.0,Education Loan,24,598,431659.87,Mortgaged,3,1.67,0.14,431659.87,0,0
Rahul Verma,41,Female,Married,Graduate,Business,1,424000.0,35333.33,11601.1,0.86,1,318000.0,Personal Loan,36,772,616915.84,Owned,1,0.58,0.86,616915.84,0,1
Vikram Singh,31,Female,Single,Graduate,Self-Employed,1,351000.0,29250.0,11403.27,0.64,4,893000.0,Car Loan,36,759,388267.06,Owned,1,1.24,0.64,388267.06,0,1
Vikram Singh,54,Male,Married,Graduate,Self-Employed,1,1024000.0,85333.33,1151.24,0.23,3,2785000.0,Education Loan,60,823,1630814.79,Owned,0,0.56,0.23,1630814.79,0,1
Amit Kumar,63,Male,Married,Graduate,Self-Employed,1,242000.0,20166.67,8290.71,0.09,0,623000.0,Business Loan,360,490,122785.13,Owned,0,0.5,0.09,122785.13,0,0
Rahul Verma,28,Female,Single,Graduate,Freelancer,1,429000.0,35750.0,7471.57,0.42,0,2334000.0,Car Loan,36,725,925180.38,Mortgaged,2,2.02,0.42,925180.38,1,0
Riya Sen,27,Female,Married,Post Graduate,Business,1,232000.0,19333.33,5710.46,0.38,2,899000.0,Medical Emergency,24,773,289233.39,Mortgaged,2,2.23,0.38,289233.39,0,1
Manish Tiwari,28,Male,Single,Post Graduate,Self-Employed,1,455000.0,37916.67,13742.95,0.18,0,1877000.0,Medical Emergency,24,664,828756.73,Rented,4,2.43,0.18,828756.73,0,1
Ananya Iyer,47,Male,Single,High School,Self-Employed,1,849000.0,70750.0,23242.34,0.32,3,3742000.0,Car Loan,360,708,1138144.32,Rented,0,0.48,0.32,1138144.32,0,1
Vikram Singh,49,Female,Married,High School,Self-Employed,1,180000.0,15000.0,3910.74,0.89,0,124000.0,Car Loan,12,735,361092.18,Owned,2,0.95,0.89,361092.18,1,0
Priya Patel,33,Male,Single,Doctorate,Business,1,180000.0,15000.0,79.06,0.48,0,939000.0,Personal Loan,180,741,213308.98,Owned,1,0.35,0.48,213308.98,0,1
Aditya Joshi,29,Female,Single,High School,Business,1,413000.0,34416.67,5223.23,0.85,1,786000.0,Car Loan,360,731,493600.43,Owned,0,0.22,0.85,493600.43,0,1
Amit Kumar,45,Female,Single,High School,Freelancer,1,534000.0,44500.0,12861.91,0.92,1,638000.0,Personal Loan,240,840,1117227.91,Owned,0,0.35,0.92,1117227.91,0,1
Sneha Nair,24,Male,Married,High School,Freelancer,1,526000.0,43833.33,8603.34,0.94,0,503000.0,Business Loan,36,743,554477.34,Mortgaged,3,0.52,0.94,554477.34,0,1
Kavya Reddy,51,Male,Single,High School,Self-Employed,1,887000.0,73916.67,18722.9,0.53,2,673000.0,Business Loan,120,726,1237096.5,Mortgaged,0,0.33,0.53,1237096.5,0,1
Deepak Choudhury,49,Male,Married,Post Graduate,Salaried,0,372000.0,31000.0,9491.54,0.62,3,1943000.0,Personal Loan,36,814,520045.49,Mortgaged,3,2.05,0.62,520045.49,0,1
Rohan Mehta,45,Female,Single,Doctorate,Business,1,180000.0,15000.0,2630.96,0.52,1,507000.0,Car Loan,240,661,157069.99,Mortgaged,3,0.32,0.52,157069.99,0,1
Aarav Sharma,47,Male,Married,High School,Self-Employed,1,459000.0,38250.0,15888.04,0.6,0,2651000.0,Home Loan,180,887,200458.08,Rented,1,0.8,0.6,200458.08,0,1
Kavya Reddy,32,Female,Single,Doctorate,Freelancer,1,213000.0,17750.0,4723.94,0.27,2,517000.0,Personal Loan,60,721,93093.1,Rented,4,0.75,0.27,93093.1,0,0
Manish Tiwari,51,Male,Single,Doctorate,Self-Employed,1,827000.0,68916.67,20847.78,0.73,4,462000.0,Home Loan,360,802,700291.54,Owned,1,0.32,0.73,700291.54,0,1
Tanvi Bhatia,42,Female,Single,Doctorate,Business,1,399000.0,33250.0,12302.77,0.54,3,1538000.0,Personal Loan,24,606,882805.26,Mortgaged,2,2.3,0.54,882805.26,0,0
Aditya Joshi,28,Male,Married,High School,Salaried,0,867000.0,72250.0,20382.03,0.43,2,1237000.0,Medical Emergency,240,663,1664902.6,Owned,3,0.35,0.43,1664902.6,0,1
Rahul Verma,36,Female,Single,Doctorate,Freelancer,1,213000.0,17750.0,3368.12,0.62,2,1120000.0,Education Loan,60,579,483798.67,Mortgaged,3,1.24,0.62,483798.67,1,0
Divya Agarwal,32,Female,Married,Graduate,Salaried,0,379000.0,31583.33,1437.32,0.78,1,696000.0,Car Loan,48,660,575550.41,Mortgaged,0,0.5,0.78,575550.41,0,1
Riya Sen,59,Female,Divorced,Doctorate,Salaried,0,451000.0,37583.33,10175.61,0.58,2,2194000.0,Home Loan,24,824,172253.17,Owned,0,2.7,0.58,172253.17,0,1
Tanvi Bhatia,25,Female,Married,Graduate,Business,1,638000.0,53166.67,15481.59,0.45,4,1936000.0,Business Loan,12,540,1503429.65,Mortgaged,2,3.33,0.45,1503429.65,1,0
Divya Agarwal,40,Male,Single,Post Graduate,Salaried,0,244000.0,20333.33,5769.27,0.35,0,514000.0,Car Loan,12,692,451335.99,Rented,2,2.39,0.35,451335.99,0,1
Pooja Deshmukh,40,Female,Single,High School,Freelancer,1,466000.0,38833.33,13695.33,0.34,2,2025000.0,Medical Emergency,60,641,906214.7,Owned,2,1.22,0.34,906214.7,0,0
Meera Pillai,64,Female,Divorced,Doctorate,Business,1,180000.0,15000.0,5271.54,0.2,1,585000.0,Home Loan,120,616,169979.63,Mortgaged,0,0.68,0.2,169979.63,0,0
Kavya Reddy,23,Female,Married,Graduate,Salaried,0,689000.0,57416.67,16521.84,0.33,4,2229000.0,Personal Loan,180,583,403173.78,Mortgaged,1,0.5,0.33,403173.78,0,0
Amit Kumar,64,Female,Married,Post Graduate,Self-Employed,1,201000.0,16750.0,2432.8,0.15,2,744000.0,Business Loan,360,609,162988.66,Mortgaged,2,0.27,0.15,162988.66,0,1
Siddharth Rao,58,Male,Single,Graduate,Salaried,0,506000.0,42166.67,13503.86,0.87,3,2099000.0,Education Loan,36,806,919974.51,Mortgaged,3,1.7,0.87,919974.51,0,1
Vikram Singh,41,Female,Single,High School,Salaried,0,714000.0,59500.0,8670.72,0.25,1,3601000.0,Personal Loan,360,805,337028.25,Rented,1,0.31,0.25,337028.25,1,0
Kavya Reddy,63,Male,Single,Post Graduate,Freelancer,1,1207000.0,100583.33,29325.35,0.24,1,686000.0,Personal Loan,12,626,2604796.8,Rented,0,0.86,0.24,2604796.8,0,0
Divya Agarwal,56,Male,Married,Post Graduate,Freelancer,1,787000.0,65583.33,18511.87,0.85,1,4632000.0,Medical Emergency,60,667,1413601.71,Rented,1,1.46,0.85,1413601.71,0,1
Aditya Joshi,37,Female,Married,High School,Self-Employed,1,470000.0,39166.67,5642.73,0.37,2,2712000.0,Personal Loan,120,719,1017017.62,Mortgaged,2,0.72,0.37,1017017.62,0,1
Meera Pillai,24,Male,Single,Doctorate,Business,1,484000.0,40333.33,1902.26,0.79,2,848000.0,Education Loan,360,688,1002163.66,Owned,0,0.11,0.79,1002163.66,0,1
Manish Tiwari,32,Male,Married,Doctorate,Freelancer,1,551000.0,45916.67,12212.84,0.11,1,3293000.0,Home Loan,360,769,648154.44,Mortgaged,0,0.47,0.11,648154.44,1,0
Pooja Deshmukh,31,Female,Divorced,Post Graduate,Salaried,0,691000.0,57583.33,17672.51,0.11,3,3078000.0,Business Loan,60,804,1640187.11,Mortgaged,4,1.2,0.11,1640187.11,1,0
Tanvi Bhatia,64,Female,Married,Post Graduate,Freelancer,1,361000.0,30083.33,2913.33,0.46,2,1249000.0,Medical Emergency,60,697,322474.0,Mortgaged,2,0.79,0.46,322474.0,0,0
Deepak Choudhury,44,Female,Single,High School,Salaried,0,229000.0,19083.33,8337.5,0.1,3,1065000.0,Business Loan,24,618,448631.66,Owned,1,2.76,0.1,448631.66,0,0
Deepak Choudhury,39,Female,Divorced,Post Graduate,Self-Employed,1,536000.0,44666.67,5000.87,0.59,1,2505000.0,Personal Loan,36,687,91532.79,Rented,0,1.67,0.59,91532.79,0,0
Amit Kumar,45,Male,Single,Doctorate,Freelancer,1,837000.0,69750.0,25264.24,0.39,0,2602000.0,Education Loan,36,789,276270.2,Rented,1,1.4,0.39,276270.2,0,1
Divya Agarwal,48,Female,Married,Graduate,Self-Employed,1,271000.0,22583.33,2647.39,0.23,1,659000.0,Medical Emergency,24,780,248054.0,Owned,2,1.33,0.23,248054.0,0,1
Aarav Sharma,38,Male,Divorced,Graduate,Business,1,645000.0,53750.0,2309.67,0.05,2,3817000.0,Home Loan,12,647,570478.76,Rented,4,5.96,0.05,570478.76,1,0
Manish Tiwari,24,Female,Single,Post Graduate,Self-Employed,1,1006000.0,83833.33,24011.27,0.5,1,3464000.0,Education Loan,24,590,2206191.23,Owned,0,2.01,0.5,2206191.23,0,1
Manish Tiwari,46,Male,Married,Post Graduate,Self-Employed,1,410000.0,34166.67,12520.81,0.45,0,1608000.0,Business Loan,24,681,835289.56,Rented,3,2.33,0.45,835289.56,0,1
Ananya Iyer,37,Female,Divorced,Post Graduate,Self-Employed,1,504000.0,42000.0,17014.36,0.5,1,1925000.0,Business Loan,120,639,1184784.97,Mortgaged,3,0.79,0.5,1184784.97,0,0
Siddharth Rao,28,Female,Single,Graduate,Business,1,802000.0,66833.33,7405.13,0.18,2,4637000.0,Car Loan,48,696,1608595.06,Owned,1,1.56,0.18,1608595.06,0,1
Riya Sen,42,Male,Divorced,Graduate,Business,1,273000.0,22750.0,9335.24,0.56,0,1191000.0,Business Loan,180,459,523236.26,Mortgaged,1,0.7,0.56,523236.26,0,0
Karan Malhotra,33,Male,Married,Doctorate,Freelancer,1,386000.0,32166.67,6298.64,0.12,1,244000.0,Home Loan,120,809,558544.77,Mortgaged,0,0.26,0.12,558544.77,0,1
Riya Sen,50,Female,Divorced,Graduate,Salaried,0,709000.0,59083.33,5000.55,0.13,0,3833000.0,Medical Emergency,360,661,365887.26,Rented,3,0.26,0.13,365887.26,0,1
Meera Pillai,49,Male,Single,High School,Freelancer,1,411000.0,34250.0,2901.23,0.92,2,324000.0,Medical Emergency,180,761,769595.94,Mortgaged,0,0.14,0.92,769595.94,0,1
Deepak Choudhury,54,Female,Divorced,Graduate,Self-Employed,1,683000.0,56916.67,2526.69,0.9,1,3694000.0,Medical Emergency,120,685,187901.74,Owned,1,0.59,0.9,187901.74,0,1
Manish Tiwari,57,Male,Single,Doctorate,Self-Employed,1,267000.0,22250.0,9014.46,0.15,1,560000.0,Personal Loan,120,737,657504.78,Rented,2,0.61,0.15,657504.78,0,1
Pooja Deshmukh,44,Female,Single,Post Graduate,Self-Employed,1,387000.0,32250.0,8689.38,0.61,1,743000.0,Car Loan,60,596,228989.09,Mortgaged,3,0.65,0.61,228989.09,0,0
Aditya Joshi,56,Female,Divorced,Graduate,Freelancer,1,355000.0,29583.33,10963.57,0.39,1,1823000.0,Personal Loan,240,663,251418.51,Owned,2,0.63,0.39,251418.51,0,0
Siddharth Rao,56,Male,Divorced,Doctorate,Self-Employed,1,562000.0,46833.33,13971.94,0.25,2,2252000.0,Home Loan,36,601,1273110.48,Rented,4,1.63,0.25,1273110.48,1,0
Meera Pillai,61,Female,Single,High School,Freelancer,1,1223000.0,101916.67,13061.95,0.31,0,6366000.0,Education Loan,24,600,2355955.75,Rented,2,2.73,0.31,2355955.75,0,0
Rohan Mehta,51,Male,Divorced,Doctorate,Self-Employed,1,317000.0,26416.67,1511.08,0.95,1,976000.0,Home Loan,24,704,205653.18,Rented,3,1.6,0.95,205653.18,0,0
Rahul Verma,30,Male,Married,High School,Freelancer,1,197000.0,16416.67,5454.53,0.45,1,932000.0,Medical Emergency,360,652,382238.4,Owned,1,0.49,0.45,382238.4,0,1
Amit Kumar,60,Male,Divorced,Graduate,Self-Employed,1,647000.0,53916.67,8281.94,0.91,0,3604000.0,Education Loan,240,900,376268.23,Mortgaged,1,0.43,0.91,376268.23,1,0
Siddharth Rao,25,Male,Married,Graduate,Self-Employed,1,639000.0,53250.0,4408.22,0.22,1,2632000.0,Car Loan,12,524,1400182.9,Owned,3,4.2,0.22,1400182.9,1,0
Tanvi Bhatia,43,Female,Divorced,Post Graduate,Self-Employed,1,336000.0,28000.0,6893.75,0.34,2,374000.0,Home Loan,180,661,451353.35,Owned,0,0.32,0.34,451353.35,0,1
Neha Gupta,44,Female,Married,Graduate,Self-Employed,1,308000.0,25666.67,10412.55,0.67,0,164000.0,Home Loan,12,746,632291.52,Mortgaged,4,0.94,0.67,632291.52,0,1
Kavya Reddy,36,Male,Divorced,Graduate,Salaried,0,198000.0,16500.0,4817.81,0.87,1,1120000.0,Medical Emergency,180,745,154029.01,Mortgaged,0,0.67,0.87,154029.01,0,0
Kavya Reddy,31,Female,Divorced,High School,Business,1,346000.0,28833.33,12717.2,0.62,1,1085000.0,Personal Loan,240,750,480071.96,Rented,1,0.6,0.62,480071.96,0,1
Sneha Nair,48,Male,Married,High School,Self-Employed,1,237000.0,19750.0,3271.29,0.07,2,1168000.0,Personal Loan,12,738,285309.36,Mortgaged,1,5.09,0.07,285309.36,0,0
Kavya Reddy,50,Female,Single,High School,Self-Employed,1,405000.0,33750.0,14304.82,0.43,1,1133000.0,Medical Emergency,240,516,471963.89,Rented,4,0.56,0.43,471963.89,1,0
Amit Kumar,62,Female,Divorced,Doctorate,Self-Employed,1,633000.0,52750.0,17169.52,0.24,1,1072000.0,Personal Loan,48,524,1503509.2,Mortgaged,0,0.75,0.24,1503509.2,1,0
Tanvi Bhatia,42,Female,Married,Doctorate,Business,1,978000.0,81500.0,23618.7,0.24,4,1249000.0,Home Loan,360,664,1628731.72,Rented,0,0.33,0.24,1628731.72,0,1
Tanvi Bhatia,42,Female,Single,Post Graduate,Self-Employed,1,342000.0,28500.0,4330.79,0.85,0,1412000.0,Business Loan,180,650,182202.74,Rented,2,0.43,0.85,182202.74,1,0
Rohan Mehta,27,Female,Divorced,Post Graduate,Business,1,1896000.0,158000.0,69936.27,0.66,3,8970000.0,Medical Emergency,180,604,2806394.63,Owned,1,0.76,0.66,2806394.63,0,1
Amit Kumar,42,Female,Single,Post Graduate,Freelancer,1,298000.0,24833.33,3533.7,0.89,3,1153000.0,Medical Emergency,12,656,513410.66,Owned,0,4.01,0.89,513410.66,0,1
Aarav Sharma,30,Male,Married,Graduate,Business,1,245000.0,20416.67,8558.73,0.37,2,1124000.0,Personal Loan,60,639,518818.97,Rented,2,1.34,0.37,518818.97,0,0
Amit Kumar,44,Female,Married,High School,Self-Employed,1,491000.0,40916.67,5334.86,0.14,3,1763000.0,Personal Loan,36,593,538355.03,Mortgaged,3,1.33,0.14,538355.03,0,0
Divya Agarwal,35,Male,Divorced,Doctorate,Business,1,455000.0,37916.67,11772.51,0.86,1,2670000.0,Medical Emergency,36,588,1038329.83,Owned,3,2.27,0.86,1038329.83,0,0
Vikram Singh,45,Female,Married,Doctorate,Freelancer,1,344000.0,28666.67,2198.91,0.07,2,1474000.0,Education Loan,240,641,517286.18,Owned,0,0.29,0.07,517286.18,0,1
Aarav Sharma,26,Female,Divorced,High School,Business,1,1680000.0,140000.0,62232.36,0.85,2,1477000.0,Personal Loan,60,827,2899168.58,Owned,3,0.62,0.85,2899168.58,0,1
Rohan Mehta,41,Female,Married,Graduate,Business,1,541000.0,45083.33,12229.56,0.77,0,318000.0,Business Loan,180,762,1341725.62,Rented,2,0.31,0.77,1341725.62,0,1
Rohan Mehta,60,Female,Divorced,Graduate,Freelancer,1,715000.0,59583.33,8541.59,0.2,0,2911000.0,Medical Emergency,60,527,523002.58,Rented,0,0.96,0.2,523002.58,1,0
Aditya Joshi,59,Female,Divorced,Graduate,Business,1,1620000.0,135000.0,33489.9,0.17,0,9526000.0,Business Loan,12,783,3018285.24,Owned,3,6.13,0.17,3018285.24,0,1
Rohan Mehta,30,Female,Married,Doctorate,Salaried,0,497000.0,41416.67,12958.44,0.29,1,1274000.0,Education Loan,360,778,1067905.88,Rented,3,0.4,0.29,1067905.88,0,1
Amit Kumar,21,Male,Married,High School,Self-Employed,1,536000.0,44666.67,9825.49,0.29,0,2961000.0,Medical Emergency,24,620,1089763.26,Rented,3,2.98,0.29,1089763.26,0,0
Ananya Iyer,51,Male,Single,Graduate,Self-Employed,1,1349000.0,112416.67,3764.45,0.39,1,1817000.0,Personal Loan,24,784,2931184.04,Owned,0,0.71,0.39,2931184.04,0,1
Amit Kumar,29,Male,Single,Doctorate,Business,1,180000.0,15000.0,5306.39,0.15,1,211000.0,Medical Emergency,36,606,104193.21,Mortgaged,0,0.74,0.15,104193.21,0,0
Neha Gupta,31,Male,Divorced,Graduate,Salaried,0,414000.0,34500.0,6721.85,0.67,0,686000.0,Medical Emergency,24,809,425824.78,Mortgaged,3,1.02,0.67,425824.78,0,1
Riya Sen,56,Male,Divorced,Doctorate,Self-Employed,1,403000.0,33583.33,7090.94,0.71,3,1513000.0,Home Loan,240,846,219162.21,Owned,1,0.4,0.71,219162.21,1,0
Rohan Mehta,50,Female,Single,Post Graduate,Salaried,0,311000.0,25916.67,8197.2,0.12,1,475000.0,Education Loan,48,624,152332.96,Mortgaged,1,0.7,0.12,152332.96,0,0
Sneha Nair,33,Female,Divorced,High School,Self-Employed,1,180000.0,15000.0,2879.03,0.79,2,818000.0,Business Loan,12,589,300891.82,Mortgaged,2,4.74,0.79,300891.82,0,0
Neha Gupta,31,Male,Single,Graduate,Freelancer,1,199000.0,16583.33,2568.77,0.71,1,778000.0,Car Loan,24,483,341819.13,Mortgaged,1,2.11,0.71,341819.13,1,0
Rahul Verma,59,Female,Divorced,High School,Salaried,0,471000.0,39250.0,10053.51,0.7,0,1062000.0,Education Loan,240,693,465849.21,Rented,4,0.37,0.7,465849.21,0,1
Amit Kumar,31,Male,Single,Post Graduate,Salaried,0,189000.0,15750.0,4896.5,0.42,0,1009000.0,Education Loan,180,807,229199.78,Rented,0,0.67,0.42,229199.78,0,1
Vikram Singh,39,Female,Married,Graduate,Self-Employed,1,315000.0,26250.0,9311.38,0.39,0,1665000.0,Personal Loan,180,740,307976.8,Rented,4,0.71,0.39,307976.8,0,0
Neha Gupta,45,Male,Divorced,Post Graduate,Self-Employed,1,531000.0,44250.0,1888.63,0.4,2,703000.0,Education Loan,48,567,80729.85,Rented,4,0.37,0.4,80729.85,0,1
Meera Pillai,52,Female,Single,Post Graduate,Freelancer,1,763000.0,63583.33,17362.78,0.5,1,2207000.0,Personal Loan,240,643,1850915.76,Owned,1,0.42,0.5,1850915.76,0,1
Ananya Iyer,48,Male,Married,Doctorate,Business,1,460000.0,38333.33,2440.49,0.52,1,1480000.0,Personal Loan,180,608,587519.59,Rented,3,0.28,0.52,587519.59,0,1
Amit Kumar,37,Female,Divorced,Doctorate,Salaried,0,452000.0,37666.67,10155.01,0.53,3,1074000.0,Education Loan,36,572,446106.87,Rented,1,1.06,0.53,446106.87,0,0
Divya Agarwal,51,Male,Single,High School,Self-Employed,1,279000.0,23250.0,9522.4,0.86,0,1112000.0,Car Loan,60,520,399525.15,Mortgaged,2,1.21,0.86,399525.15,1,0
Rohan Mehta,28,Male,Married,Post Graduate,Self-Employed,1,472000.0,39333.33,14395.8,0.27,0,1698000.0,Home Loan,120,648,626016.02,Owned,0,0.73,0.27,626016.02,0,0
Vikram Singh,56,Female,Single,Doctorate,Freelancer,1,569000.0,47416.67,12857.97,0.85,1,3283000.0,Education Loan,24,712,670716.61,Owned,4,3.16,0.85,670716.61,0,0
Aditya Joshi,52,Male,Married,Graduate,Freelancer,1,308000.0,25666.67,2848.06,0.62,0,708000.0,Business Loan,240,623,446140.14,Rented,2,0.23,0.62,446140.14,0,1
Riya Sen,28,Female,Divorced,Post Graduate,Self-Employed,1,551000.0,45916.67,19789.01,0.59,0,640000.0,Medical Emergency,12,861,1027718.43,Owned,3,1.59,0.59,1027718.43,0,1
Deepak Choudhury,47,Female,Single,Doctorate,Freelancer,1,536000.0,44666.67,14082.99,0.82,1,1147000.0,Personal Loan,36,553,434507.38,Owned,0,1.03,0.82,434507.38,1,0
Divya Agarwal,24,Male,Married,Doctorate,Self-Employed,1,987000.0,82250.0,16532.93,0.39,1,1346000.0,Car Loan,120,770,353926.05,Rented,4,0.34,0.39,353926.05,0,1
Rohan Mehta,59,Female,Married,Post Graduate,Self-Employed,1,238000.0,19833.33,2881.02,0.07,2,188000.0,Education Loan,360,661,296320.39,Owned,4,0.17,0.07,296320.39,0,1
Siddharth Rao,22,Male,Divorced,Doctorate,Business,1,180000.0,15000.0,2669.88,0.34,3,918000.0,Home Loan,60,678,157974.12,Mortgaged,0,1.2,0.34,157974.12,1,0
Deepak Choudhury,37,Male,Divorced,Post Graduate,Freelancer,1,296000.0,24666.67,709.04,0.11,1,395000.0,Business Loan,36,747,697463.23,Owned,4,0.47,0.11,697463.23,0,1
Pooja Deshmukh,32,Female,Married,Graduate,Freelancer,1,530000.0,44166.67,6828.52,0.11,1,1433000.0,Home Loan,360,754,582600.91,Rented,2,0.24,0.11,582600.91,0,1
Meera Pillai,53,Male,Single,Doctorate,Self-Employed,1,388000.0,32333.33,1676.87,0.87,3,750000.0,Personal Loan,12,772,639199.19,Mortgaged,3,1.98,0.87,639199.19,1,0
Kavya Reddy,62,Female,Single,Graduate,Self-Employed,1,304000.0,25333.33,8647.22,0.9,1,1748000.0,Personal Loan,360,693,263477.3,Rented,2,0.53,0.9,263477.3,0,0
Siddharth Rao,49,Male,Divorced,High School,Freelancer,1,675000.0,56250.0,595.18,0.69,1,1878000.0,Home Loan,12,727,391701.53,Owned,1,2.79,0.69,391701.53,0,1
Manish Tiwari,42,Female,Single,High School,Salaried,0,688000.0,57333.33,15004.85,0.38,2,3744000.0,Personal Loan,180,685,420139.58,Mortgaged,4,0.62,0.38,420139.58,1,0
Tanvi Bhatia,45,Female,Married,High School,Freelancer,1,327000.0,27250.0,1960.32,0.23,2,1256000.0,Education Loan,48,785,289375.18,Rented,2,1.03,0.23,289375.18,0,1
Sneha Nair,58,Female,Single,Doctorate,Freelancer,1,235000.0,19583.33,1802.95,0.15,2,618000.0,Home Loan,48,476,136380.45,Mortgaged,0,0.75,0.15,136380.45,1,0
Sneha Nair,47,Male,Divorced,High School,Business,1,180000.0,15000.0,3130.51,0.63,1,318000.0,Education Loan,48,561,238794.93,Rented,2,0.65,0.63,238794.93,0,0
Amit Kumar,57,Male,Married,Doctorate,Business,1,529000.0,44083.33,9083.28,0.4,0,2458000.0,Car Loan,240,618,764929.6,Rented,0,0.44,0.4,764929.6,0,1
Kavya Reddy,61,Male,Divorced,Graduate,Salaried,0,265000.0,22083.33,8473.52,0.61,2,1382000.0,Education Loan,12,624,219492.01,Rented,3,5.6,0.61,219492.01,0,0
Neha Gupta,47,Male,Single,High School,Self-Employed,1,961000.0,80083.33,23272.01,0.92,4,4402000.0,Education Loan,24,612,741842.83,Mortgaged,4,2.58,0.92,741842.83,1,0
Priya Patel,35,Male,Married,Post Graduate,Business,1,235000.0,19583.33,4026.67,0.89,1,1388000.0,Personal Loan,24,648,542045.19,Mortgaged,3,3.16,0.89,542045.19,0,0
Aarav Sharma,61,Female,Single,Graduate,Salaried,0,860000.0,71666.67,2776.57,0.26,2,4544000.0,Business Loan,360,667,649749.72,Owned,3,0.21,0.26,649749.72,0,1
Riya Sen,45,Male,Divorced,Post Graduate,Self-Employed,1,329000.0,27416.67,803.88,0.66,1,219000.0,Car Loan,180,799,688624.28,Rented,0,0.07,0.66,688624.28,0,1
Aarav Sharma,55,Male,Divorced,Graduate,Business,1,426000.0,35500.0,11340.68,0.7,3,688000.0,Education Loan,12,549,728878.39,Owned,1,1.93,0.7,728878.39,0,0
Aarav Sharma,36,Male,Divorced,Doctorate,Freelancer,1,304000.0,25333.33,9028.39,0.69,4,1394000.0,Education Loan,120,747,94908.31,Rented,4,0.81,0.69,94908.31,0,0
Riya Sen,44,Male,Married,High School,Self-Employed,1,180000.0,15000.0,2164.8,0.63,1,493000.0,Business Loan,180,624,178751.48,Rented,1,0.33,0.63,178751.48,0,1
Vikram Singh,55,Female,Divorced,Doctorate,Business,1,364000.0,30333.33,13122.92,0.13,0,689000.0,Personal Loan,120,681,844234.58,Mortgaged,4,0.62,0.13,844234.58,0,1
Meera Pillai,62,Male,Single,High School,Self-Employed,1,398000.0,33166.67,8936.98,0.54,0,2020000.0,Personal Loan,36,682,973251.99,Owned,3,1.96,0.54,973251.99,0,1
Siddharth Rao,35,Male,Married,Graduate,Salaried,0,180000.0,15000.0,3507.09,0.57,0,342000.0,Business Loan,36,647,337555.27,Mortgaged,4,0.87,0.57,337555.27,0,0
Amit Kumar,44,Female,Single,High School,Business,1,180000.0,15000.0,3702.04,0.41,0,740000.0,Car Loan,48,698,267272.4,Mortgaged,2,1.27,0.41,267272.4,0,1
Ananya Iyer,29,Male,Divorced,Doctorate,Self-Employed,1,506000.0,42166.67,15831.78,0.86,0,777000.0,Home Loan,360,725,1022041.32,Rented,3,0.43,0.86,1022041.32,0,1
Rahul Verma,30,Female,Single,Doctorate,Business,1,888000.0,74000.0,27480.22,0.54,0,916000.0,Personal Loan,12,708,123368.06,Rented,0,1.4,0.54,123368.06,0,0
Neha Gupta,26,Male,Single,High School,Freelancer,1,474000.0,39500.0,16904.25,0.43,0,1169000.0,Car Loan,12,721,841238.34,Rented,1,2.89,0.43,841238.34,0,1
Pooja Deshmukh,61,Male,Married,Doctorate,Freelancer,1,592000.0,49333.33,14101.87,0.58,1,2507000.0,Home Loan,240,650,513332.93,Owned,2,0.5,0.58,513332.93,0,0
Riya Sen,63,Female,Divorced,Graduate,Freelancer,1,463000.0,38583.33,11955.66,0.61,2,1125000.0,Medical Emergency,240,555,1151542.1,Rented,1,0.43,0.61,1151542.1,0,1
Rahul Verma,48,Female,Married,Graduate,Salaried,0,520000.0,43333.33,4785.1,0.8,2,2066000.0,Home Loan,240,645,526054.19,Rented,1,0.31,0.8,526054.19,0,1
Riya Sen,50,Male,Married,High School,Freelancer,1,204000.0,17000.0,1656.65,0.42,3,114000.0,Personal Loan,12,672,478439.49,Rented,1,0.66,0.42,478439.49,1,0
Neha Gupta,63,Female,Married,Doctorate,Salaried,0,539000.0,44916.67,5117.89,0.16,1,1801000.0,Personal Loan,240,765,433428.63,Owned,2,0.28,0.16,433428.63,1,0
Tanvi Bhatia,55,Female,Married,Graduate,Self-Employed,1,546000.0,45500.0,19831.36,0.12,0,1721000.0,Personal Loan,12,637,562122.74,Mortgaged,0,3.59,0.12,562122.74,0,0
Neha Gupta,55,Female,Single,High School,Self-Employed,1,734000.0,61166.67,6149.71,0.83,1,2723000.0,Car Loan,48,704,1330879.31,Mortgaged,3,1.03,0.83,1330879.31,0,1
Ananya Iyer,39,Male,Single,Post Graduate,Self-Employed,1,365000.0,30416.67,10133.63,0.9,2,1312000.0,Car Loan,240,728,357707.86,Mortgaged,3,0.51,0.9,357707.86,0,0
Deepak Choudhury,29,Female,Divorced,Graduate,Freelancer,1,1155000.0,96250.0,20515.31,0.3,1,4118000.0,Car Loan,24,730,296166.04,Rented,2,2.0,0.3,296166.04,0,0
Pooja Deshmukh,29,Female,Married,Post Graduate,Self-Employed,1,1130000.0,94166.67,5127.84,0.2,0,4110000.0,Medical Emergency,48,805,1322828.94,Mortgaged,3,0.96,0.2,1322828.94,0,1
Aditya Joshi,44,Female,Single,Post Graduate,Freelancer,1,853000.0,71083.33,3705.75,0.09,1,1376000.0,Education Loan,36,630,1613825.8,Rented,4,0.59,0.09,1613825.8,1,0
Priya Patel,48,Male,Single,High School,Salaried,0,310000.0,25833.33,3526.38,0.78,1,700000.0,Personal Loan,240,865,627111.62,Owned,3,0.25,0.78,627111.62,0,1
Riya Sen,64,Female,Single,Graduate,Self-Employed,1,347000.0,28916.67,5047.0,0.62,1,1207000.0,Home Loan,36,608,590246.18,Mortgaged,2,1.33,0.62,590246.18,0,0
Rahul Verma,22,Female,Divorced,Graduate,Self-Employed,1,453000.0,37750.0,4197.06,0.73,2,2319000.0,Education Loan,48,465,945475.12,Rented,0,1.39,0.73,945475.12,0,0
Amit Kumar,59,Female,Single,Post Graduate,Business,1,364000.0,30333.33,5334.09,0.6,0,1918000.0,Medical Emergency,36,727,455173.96,Mortgaged,1,1.93,0.6,455173.96,0,0
Neha Gupta,39,Male,Divorced,High School,Freelancer,1,250000.0,20833.33,7247.8,0.44,1,168000.0,Home Loan,360,649,75905.6,Owned,0,0.37,0.44,75905.6,0,1
Priya Patel,39,Female,Married,Doctorate,Business,1,313000.0,26083.33,5452.15,0.78,1,1735000.0,Education Loan,360,613,485998.26,Rented,1,0.39,0.78,485998.26,0,1
Riya Sen,59,Female,Married,Post Graduate,Freelancer,1,207000.0,17250.0,2616.55,0.67,0,1214000.0,Business Loan,360,664,326910.96,Owned,0,0.35,0.67,326910.96,0,1
Aditya Joshi,56,Female,Married,Post Graduate,Business,1,577000.0,48083.33,20054.06,0.34,1,1048000.0,Personal Loan,120,684,1404197.38,Owned,1,0.6,0.34,1404197.38,0,1
Deepak Choudhury,42,Female,Married,High School,Freelancer,1,642000.0,53500.0,16122.66,0.22,2,2486000.0,Personal Loan,60,641,356899.69,Mortgaged,2,1.08,0.22,356899.69,0,0
Meera Pillai,36,Female,Single,Doctorate,Self-Employed,1,636000.0,53000.0,2795.48,0.7,1,1338000.0,Personal Loan,48,649,976587.53,Mortgaged,1,0.58,0.7,976587.53,0,0
Neha Gupta,45,Female,Married,Post Graduate,Freelancer,1,954000.0,79500.0,17327.38,0.29,1,3458000.0,Business Loan,120,656,430459.88,Mortgaged,1,0.58,0.29,430459.88,1,0
Ananya Iyer,44,Female,Divorced,Doctorate,Salaried,0,740000.0,61666.67,1846.66,0.78,0,1407000.0,Car Loan,240,715,1734117.81,Mortgaged,3,0.13,0.78,1734117.81,0,1
Aditya Joshi,49,Female,Single,High School,Salaried,0,925000.0,77083.33,34048.47,0.62,2,2953000.0,Home Loan,240,660,1063022.35,Rented,0,0.6,0.62,1063022.35,0,1
Neha Gupta,56,Male,Married,Graduate,Salaried,0,805000.0,67083.33,25574.09,0.3,1,2831000.0,Education Loan,36,630,1594938.07,Mortgaged,4,1.55,0.3,1594938.07,0,0
Rohan Mehta,47,Male,Divorced,Graduate,Salaried,0,365000.0,30416.67,1525.23,0.93,1,1627000.0,Education Loan,180,463,247335.92,Owned,3,0.35,0.93,247335.92,1,0
Manish Tiwari,52,Female,Divorced,High School,Self-Employed,1,406000.0,33833.33,2309.68,0.55,2,910000.0,Personal Loan,36,683,825684.12,Rented,3,0.82,0.55,825684.12,0,1
Tanvi Bhatia,33,Male,Single,Graduate,Business,1,626000.0,52166.67,19004.2,0.16,1,1161000.0,Car Loan,48,807,426217.62,Mortgaged,2,0.83,0.16,426217.62,0,1
Neha Gupta,48,Male,Married,Graduate,Salaried,0,210000.0,17500.0,1880.32,0.33,1,774000.0,Business Loan,180,727,245867.26,Owned,0,0.35,0.33,245867.26,0,1
Rahul Verma,21,Female,Divorced,Doctorate,Freelancer,1,526000.0,43833.33,2966.35,0.85,1,2724000.0,Car Loan,12,671,735892.46,Rented,0,5.25,0.85,735892.46,0,0
Riya Sen,52,Female,Divorced,High School,Business,1,757000.0,63083.33,588.07,0.51,1,1994000.0,Car Loan,48,697,753295.64,Mortgaged,1,0.67,0.51,753295.64,1,0
Siddharth Rao,22,Male,Married,Post Graduate,Self-Employed,1,602000.0,50166.67,7093.33,0.41,0,1125000.0,Education Loan,48,787,608420.78,Rented,4,0.61,0.41,608420.78,0,1
Manish Tiwari,37,Male,Divorced,Graduate,Freelancer,1,321000.0,26750.0,8583.58,0.07,0,1170000.0,Education Loan,180,699,47888.67,Rented,2,0.56,0.07,47888.67,0,0
Divya Agarwal,24,Male,Married,High School,Business,1,229000.0,19083.33,1962.73,0.38,2,1370000.0,Car Loan,36,652,115530.49,Mortgaged,3,2.1,0.38,115530.49,0,0
Tanvi Bhatia,58,Male,Single,Doctorate,Business,1,252000.0,21000.0,453.4,0.26,1,1106000.0,Personal Loan,24,703,397424.13,Mortgaged,3,2.22,0.26,397424.13,1,0
Rahul Verma,37,Female,Married,Post Graduate,Business,1,181000.0,15083.33,961.34,0.44,0,958000.0,Personal Loan,48,828,195971.33,Owned,2,1.39,0.44,195971.33,0,1
Kavya Reddy,47,Male,Divorced,Graduate,Self-Employed,1,721000.0,60083.33,7793.37,0.47,0,2039000.0,Personal Loan,48,790,101831.41,Owned,3,0.84,0.47,101831.41,0,1
Rahul Verma,51,Male,Single,High School,Self-Employed,1,580000.0,48333.33,11613.48,0.75,2,2055000.0,Education Loan,36,647,270584.3,Owned,1,1.42,0.75,270584.3,0,0
Aarav Sharma,36,Female,Single,High School,Salaried,0,582000.0,48500.0,10932.43,0.86,2,1552000.0,Personal Loan,12,868,713392.63,Owned,0,2.89,0.86,713392.63,0,1
Tanvi Bhatia,31,Female,Divorced,High School,Freelancer,1,363000.0,30250.0,3345.8,0.21,3,401000.0,Personal Loan,36,527,593986.59,Owned,0,0.48,0.21,593986.59,0,0
Aarav Sharma,55,Female,Married,Doctorate,Freelancer,1,2839000.0,236583.33,58587.99,0.7,0,15298000.0,Car Loan,360,656,2695474.83,Mortgaged,3,0.43,0.7,2695474.83,0,1
Siddharth Rao,39,Female,Divorced,Doctorate,Self-Employed,1,528000.0,44000.0,9962.42,0.5,2,2601000.0,Personal Loan,24,658,812864.3,Rented,4,2.69,0.5,812864.3,0,1
Ananya Iyer,22,Female,Married,Doctorate,Business,1,180000.0,15000.0,2521.96,0.33,1,287000.0,Home Loan,48,647,206152.22,Mortgaged,4,0.57,0.33,206152.22,0,0
Karan Malhotra,36,Male,Divorced,High School,Freelancer,1,527000.0,43916.67,4831.77,0.06,1,922000.0,Car Loan,60,740,668374.07,Rented,1,0.46,0.06,668374.07,0,1
Pooja Deshmukh,33,Male,Married,Post Graduate,Freelancer,1,180000.0,15000.0,6477.42,0.27,1,234000.0,Medical Emergency,24,741,145620.61,Owned,4,1.08,0.27,145620.61,0,1
Siddharth Rao,60,Female,Single,High School,Business,1,617000.0,51416.67,18998.07,0.55,2,446000.0,Car Loan,24,720,583655.99,Owned,2,0.73,0.55,583655.99,0,1
Deepak Choudhury,53,Male,Single,Graduate,Self-Employed,1,966000.0,80500.0,26963.63,0.56,0,801000.0,Business Loan,48,599,1558755.78,Rented,3,0.54,0.56,1558755.78,1,0
Siddharth Rao,63,Female,Divorced,Doctorate,Business,1,378000.0,31500.0,8813.63,0.31,0,295000.0,Business Loan,24,699,839341.17,Rented,2,0.67,0.31,839341.17,0,1
Deepak Choudhury,29,Male,Divorced,Graduate,Self-Employed,1,494000.0,41166.67,17282.86,0.39,1,2042000.0,Car Loan,60,642,220068.87,Owned,4,1.25,0.39,220068.87,0,0
Siddharth Rao,63,Female,Married,Post Graduate,Salaried,0,658000.0,54833.33,1086.03,0.06,1,810000.0,Car Loan,48,580,725256.63,Owned,0,0.33,0.06,725256.63,0,1
Manish Tiwari,59,Female,Single,Graduate,Salaried,0,181000.0,15083.33,1109.02,0.08,0,814000.0,Home Loan,48,488,221532.39,Owned,4,1.2,0.08,221532.39,1,0
Riya Sen,39,Male,Single,Doctorate,Business,1,2562000.0,213500.0,59258.9,0.93,1,13267000.0,Education Loan,360,590,3625283.45,Mortgaged,3,0.45,0.93,3625283.45,0,1
Amit Kumar,52,Male,Divorced,High School,Self-Employed,1,259000.0,21583.33,2196.96,0.07,1,818000.0,Education Loan,360,736,212733.66,Mortgaged,4,0.21,0.07,212733.66,0,1
Priya Patel,24,Female,Married,Graduate,Self-Employed,1,1244000.0,103666.67,25891.41,0.81,0,2120000.0,Personal Loan,240,697,2826889.46,Owned,1,0.33,0.81,2826889.46,0,1
Deepak Choudhury,43,Female,Married,Doctorate,Freelancer,1,362000.0,30166.67,7691.23,0.32,0,664000.0,Business Loan,240,518,860249.52,Mortgaged,2,0.35,0.32,860249.52,0,0
Priya Patel,64,Female,Married,Doctorate,Self-Employed,1,462000.0,38500.0,7176.41,0.93,1,1079000.0,Education Loan,24,790,387718.62,Rented,3,1.35,0.93,387718.62,0,1
Riya Sen,49,Female,Divorced,Post Graduate,Freelancer,1,302000.0,25166.67,4870.95,0.26,0,555000.0,Personal Loan,120,698,145582.36,Rented,2,0.38,0.26,145582.36,0,1
Rahul Verma,53,Male,Single,Graduate,Salaried,0,949000.0,79083.33,5339.77,0.44,1,5154000.0,Medical Emergency,36,591,2353908.57,Owned,4,1.88,0.44,2353908.57,0,1
Priya Patel,57,Male,Married,High School,Business,1,469000.0,39083.33,11714.3,0.13,1,661000.0,Education Loan,120,588,159427.71,Mortgaged,2,0.44,0.13,159427.71,0,1
Priya Patel,61,Male,Single,Post Graduate,Freelancer,1,375000.0,31250.0,11590.18,0.49,4,739000.0,Education Loan,360,631,102014.98,Mortgaged,0,0.44,0.49,102014.98,0,1
Rahul Verma,34,Female,Divorced,High School,Self-Employed,1,478000.0,39833.33,11534.09,0.68,4,492000.0,Business Loan,48,761,838257.54,Owned,4,0.55,0.68,838257.54,0,1
Amit Kumar,26,Male,Divorced,Doctorate,Freelancer,1,1224000.0,102000.0,16466.71,0.51,1,2589000.0,Medical Emergency,180,743,1350227.49,Owned,0,0.3,0.51,1350227.49,0,1
Sneha Nair,51,Female,Single,Post Graduate,Freelancer,1,450000.0,37500.0,2509.67,0.19,0,422000.0,Business Loan,24,675,204494.37,Rented,4,0.54,0.19,204494.37,0,1
Rahul Verma,52,Female,Married,High School,Self-Employed,1,605000.0,50416.67,16304.16,0.44,6,711000.0,Medical Emergency,360,648,1119560.42,Rented,3,0.36,0.44,1119560.42,0,1
Rohan Mehta,38,Female,Divorced,Graduate,Business,1,589000.0,49083.33,3457.38,0.22,3,508000.0,Home Loan,60,561,609580.7,Rented,3,0.24,0.22,609580.7,1,0
Siddharth Rao,54,Female,Married,Post Graduate,Business,1,301000.0,25083.33,8412.36,0.69,1,1240000.0,Business Loan,36,741,35473.72,Owned,1,1.71,0.69,35473.72,0,0
Divya Agarwal,53,Male,Married,High School,Self-Employed,1,515000.0,42916.67,811.62,0.18,1,1710000.0,Car Loan,60,599,1172931.32,Mortgaged,3,0.68,0.18,1172931.32,0,0
Priya Patel,21,Male,Divorced,High School,Business,1,471000.0,39250.0,14133.68,0.39,2,243000.0,Car Loan,360,471,275116.63,Owned,2,0.38,0.39,275116.63,1,0
Deepak Choudhury,54,Female,Divorced,Doctorate,Self-Employed,1,934000.0,77833.33,15233.69,0.9,1,4578000.0,Car Loan,360,880,743897.27,Rented,4,0.36,0.9,743897.27,1,0
Amit Kumar,39,Male,Married,Graduate,Freelancer,1,382000.0,31833.33,11883.34,0.43,1,1165000.0,Business Loan,48,700,884488.47,Mortgaged,4,1.14,0.43,884488.47,0,1
Aditya Joshi,59,Female,Divorced,Graduate,Self-Employed,1,595000.0,49583.33,14914.39,0.57,1,1590000.0,Home Loan,360,638,386827.37,Owned,0,0.39,0.57,386827.37,0,1
Karan Malhotra,22,Male,Married,Graduate,Freelancer,1,341000.0,28416.67,610.78,0.12,3,1677000.0,Business Loan,360,809,803327.99,Owned,3,0.19,0.12,803327.99,0,1
Sneha Nair,50,Male,Married,Post Graduate,Business,1,262000.0,21833.33,7660.3,0.82,1,1465000.0,Car Loan,360,700,482533.51,Owned,0,0.54,0.82,482533.51,0,1
Rohan Mehta,51,Male,Divorced,Doctorate,Salaried,0,728000.0,60666.67,8975.55,0.27,1,2285000.0,Home Loan,36,575,1699586.43,Mortgaged,1,1.19,0.27,1699586.43,0,0
Aditya Joshi,52,Female,Single,Doctorate,Self-Employed,1,737000.0,61416.67,20152.21,0.38,0,3470000.0,Education Loan,60,790,1838759.13,Mortgaged,0,1.27,0.38,1838759.13,0,1
Rahul Verma,51,Male,Single,Graduate,Salaried,0,794000.0,66166.67,28393.01,0.11,1,3761000.0,Education Loan,36,680,295439.32,Rented,3,2.01,0.11,295439.32,0,0
Deepak Choudhury,42,Female,Divorced,Graduate,Freelancer,1,1071000.0,89250.0,26828.48,0.3,0,1026000.0,Home Loan,120,758,560514.81,Owned,3,0.4,0.3,560514.81,0,1
Aditya Joshi,47,Male,Divorced,Graduate,Salaried,0,437000.0,36416.67,2659.56,0.36,2,1473000.0,Medical Emergency,360,748,247345.96,Mortgaged,0,0.19,0.36,247345.96,0,1
Amit Kumar,29,Female,Married,Graduate,Freelancer,1,468000.0,39000.0,3726.92,0.22,1,1875000.0,Business Loan,24,586,1143197.38,Mortgaged,1,2.1,0.22,1143197.38,0,0
Riya Sen,53,Female,Married,High School,Business,1,597000.0,49750.0,4457.64,0.09,1,1786000.0,Home Loan,120,747,84231.44,Mortgaged,2,0.39,0.09,84231.44,0,1
Amit Kumar,28,Female,Divorced,Graduate,Business,1,777000.0,64750.0,25116.72,0.13,0,3991000.0,Business Loan,360,569,1124621.63,Owned,4,0.56,0.13,1124621.63,1,0
Riya Sen,51,Female,Divorced,High School,Salaried,0,373000.0,31083.33,8741.44,0.08,1,1900000.0,Education Loan,48,737,316654.48,Rented,0,1.55,0.08,316654.48,0,0
Ananya Iyer,27,Male,Married,Post Graduate,Business,1,180000.0,15000.0,5505.93,0.95,3,368000.0,Car Loan,24,751,439255.97,Rented,4,1.39,0.95,439255.97,1,0
Sneha Nair,36,Female,Married,Graduate,Salaried,0,303000.0,25250.0,11149.5,0.34,1,1338000.0,Personal Loan,360,704,468733.54,Owned,1,0.59,0.34,468733.54,0,1
Ananya Iyer,64,Female,Married,High School,Salaried,0,373000.0,31083.33,2554.38,0.24,0,1828000.0,Personal Loan,12,583,284836.14,Mortgaged,2,4.98,0.24,284836.14,0,0
Rahul Verma,56,Female,Divorced,High School,Salaried,0,452000.0,37666.67,15175.77,0.73,4,327000.0,Car Loan,24,628,758887.22,Rented,4,0.76,0.73,758887.22,0,0
Vikram Singh,43,Male,Single,Graduate,Salaried,0,780000.0,65000.0,26073.52,0.09,1,3863000.0,Car Loan,360,692,278099.83,Owned,4,0.57,0.09,278099.83,0,1
Meera Pillai,42,Male,Single,High School,Self-Employed,1,484000.0,40333.33,3360.09,0.88,0,2107000.0,Home Loan,12,856,594718.69,Mortgaged,0,4.44,0.88,594718.69,0,1
Neha Gupta,22,Male,Married,Graduate,Business,1,489000.0,40750.0,10575.07,0.71,2,2509000.0,Car Loan,360,765,328113.17,Rented,4,0.43,0.71,328113.17,0,1
Siddharth Rao,33,Male,Divorced,High School,Business,1,281000.0,23416.67,1435.32,0.93,3,777000.0,Business Loan,60,723,209756.54,Mortgaged,0,0.61,0.93,209756.54,0,0
Ananya Iyer,26,Female,Married,Doctorate,Salaried,0,742000.0,61833.33,27207.72,0.41,2,1151000.0,Education Loan,36,559,1101037.8,Mortgaged,4,0.96,0.41,1101037.8,1,0
Kavya Reddy,52,Male,Divorced,Graduate,Self-Employed,1,804000.0,67000.0,30094.07,0.72,1,3636000.0,Medical Emergency,180,694,336963.61,Owned,1,0.75,0.72,336963.61,0,1
Ananya Iyer,30,Male,Divorced,Post Graduate,Salaried,0,456000.0,38000.0,14192.5,0.06,1,496000.0,Personal Loan,240,745,203613.52,Mortgaged,4,0.43,0.06,203613.52,0,1
Ananya Iyer,50,Female,Married,Doctorate,Freelancer,1,699000.0,58250.0,17287.67,0.66,1,2054000.0,Personal Loan,36,754,416796.59,Rented,0,1.28,0.66,416796.59,0,1
Kavya Reddy,49,Female,Married,High School,Freelancer,1,625000.0,52083.33,1146.88,0.05,2,1906000.0,Home Loan,12,544,1184986.47,Mortgaged,1,3.07,0.05,1184986.47,0,0
Sneha Nair,36,Male,Married,High School,Self-Employed,1,205000.0,17083.33,3276.05,0.06,3,988000.0,Business Loan,24,599,309050.35,Rented,3,2.6,0.06,309050.35,0,0
Kavya Reddy,59,Female,Single,High School,Freelancer,1,457000.0,38083.33,16512.12,0.29,3,1436000.0,Car Loan,36,637,64505.48,Owned,3,1.48,0.29,64505.48,0,0
Siddharth Rao,30,Male,Divorced,Post Graduate,Salaried,0,518000.0,43166.67,5199.6,0.38,2,985000.0,Home Loan,60,676,1123441.39,Mortgaged,4,0.5,0.38,1123441.39,0,1
Siddharth Rao,22,Male,Single,Graduate,Self-Employed,1,675000.0,56250.0,22750.26,0.28,1,1244000.0,Medical Emergency,360,668,1453977.25,Mortgaged,3,0.47,0.28,1453977.25,0,1
Deepak Choudhury,31,Male,Divorced,Doctorate,Salaried,0,509000.0,42416.67,2845.88,0.07,1,2406000.0,Business Loan,180,615,744709.02,Owned,3,0.38,0.07,744709.02,0,1
Neha Gupta,28,Male,Divorced,High School,Freelancer,1,493000.0,41083.33,4643.46,0.77,0,1836000.0,Medical Emergency,180,614,841850.29,Mortgaged,1,0.36,0.77,841850.29,0,1
Pooja Deshmukh,51,Male,Married,Doctorate,Self-Employed,1,360000.0,30000.0,12018.47,0.34,1,1878000.0,Education Loan,240,511,691712.52,Mortgaged,3,0.66,0.34,691712.52,1,0
Kavya Reddy,22,Female,Divorced,Graduate,Salaried,0,975000.0,81250.0,3772.97,0.86,2,1728000.0,Home Loan,48,659,1190473.93,Mortgaged,0,0.49,0.86,1190473.93,0,1
Rahul Verma,38,Male,Divorced,Doctorate,Self-Employed,1,413000.0,34416.67,3418.59,0.24,1,1049000.0,Home Loan,60,693,52894.89,Mortgaged,2,0.61,0.24,52894.89,0,0
Aditya Joshi,27,Female,Single,Graduate,Business,1,186000.0,15500.0,6441.88,0.6,1,189000.0,Education Loan,360,754,351800.88,Owned,4,0.45,0.6,351800.88,1,0
Aditya Joshi,42,Male,Divorced,Graduate,Freelancer,1,273000.0,22750.0,8364.71,0.24,1,755000.0,Education Loan,24,576,85422.91,Mortgaged,2,1.75,0.24,85422.91,0,0
Aarav Sharma,57,Female,Divorced,High School,Business,1,450000.0,37500.0,12712.4,0.55,1,632000.0,Medical Emergency,24,681,1104161.29,Mortgaged,3,1.04,0.55,1104161.29,1,0
Aditya Joshi,45,Male,Single,Post Graduate,Self-Employed,1,193000.0,16083.33,5337.47,0.71,0,304000.0,Personal Loan,48,760,80733.37,Rented,2,0.73,0.71,80733.37,1,0
Karan Malhotra,42,Male,Divorced,Post Graduate,Salaried,0,1493000.0,124416.67,6599.6,0.87,1,2423000.0,Medical Emergency,60,680,3140363.29,Rented,0,0.38,0.87,3140363.29,0,1
Rahul Verma,24,Male,Married,Doctorate,Salaried,0,656000.0,54666.67,4215.83,0.08,0,960000.0,Car Loan,24,694,199152.12,Owned,3,0.81,0.08,199152.12,0,1
Vikram Singh,26,Female,Single,Doctorate,Self-Employed,1,573000.0,47750.0,15034.54,0.2,0,2536000.0,Medical Emergency,360,756,1272741.14,Mortgaged,0,0.46,0.2,1272741.14,0,1
Manish Tiwari,36,Female,Married,Post Graduate,Self-Employed,1,389000.0,32416.67,13910.91,0.43,1,1502000.0,Car Loan,60,805,333665.72,Mortgaged,4,1.2,0.43,333665.72,0,1
Aarav Sharma,57,Male,Married,High School,Freelancer,1,920000.0,76666.67,26653.25,0.47,0,921000.0,Business Loan,24,682,1850896.77,Owned,0,0.85,0.47,1850896.77,0,1
Kavya Reddy,38,Male,Divorced,Doctorate,Freelancer,1,182000.0,15166.67,6206.2,0.57,1,829000.0,Personal Loan,12,646,244442.5,Mortgaged,0,4.96,0.57,244442.5,0,0
Vikram Singh,59,Male,Single,Graduate,Self-Employed,1,482000.0,40166.67,9742.48,0.13,1,1633000.0,Home Loan,60,758,350286.97,Mortgaged,1,0.92,0.13,350286.97,0,1
Neha Gupta,55,Male,Married,Doctorate,Self-Employed,1,678000.0,56500.0,3552.19,0.76,0,2945000.0,Home Loan,360,506,308336.32,Rented,3,0.21,0.76,308336.32,0,0
Meera Pillai,51,Male,Divorced,High School,Freelancer,1,542000.0,45166.67,3346.2,0.3,0,2797000.0,Home Loan,12,656,1049935.66,Owned,0,5.23,0.3,1049935.66,0,1
Aarav Sharma,23,Male,Single,High School,Self-Employed,1,1150000.0,95833.33,32669.71,0.78,2,4280000.0,Home Loan,48,758,1441952.46,Owned,1,1.27,0.78,1441952.46,0,1
Meera Pillai,33,Female,Single,Graduate,Self-Employed,1,426000.0,35500.0,15789.74,0.33,3,1788000.0,Business Loan,60,612,811985.99,Rented,4,1.28,0.33,811985.99,0,0
Meera Pillai,56,Male,Divorced,Doctorate,Business,1,536000.0,44666.67,9871.9,0.87,0,494000.0,Personal Loan,60,604,698620.8,Owned,3,0.41,0.87,698620.8,0,1
Riya Sen,60,Male,Divorced,Doctorate,Freelancer,1,226000.0,18833.33,222.48,0.59,1,116000.0,Education Loan,48,683,227570.65,Mortgaged,0,0.14,0.59,227570.65,0,1
Pooja Deshmukh,63,Female,Divorced,Post Graduate,Freelancer,1,183000.0,15250.0,2592.11,0.16,1,507000.0,Education Loan,360,772,118369.42,Rented,1,0.26,0.16,118369.42,0,1
Priya Patel,24,Female,Married,Post Graduate,Freelancer,1,1750000.0,145833.33,47879.98,0.55,1,1254000.0,Car Loan,12,848,1883274.0,Owned,3,1.04,0.55,1883274.0,0,1
Tanvi Bhatia,26,Female,Divorced,High School,Salaried,0,426000.0,35500.0,12338.55,0.75,2,2446000.0,Business Loan,36,620,171183.85,Owned,2,2.26,0.75,171183.85,0,0
Priya Patel,36,Male,Married,High School,Salaried,0,619000.0,51583.33,20663.88,0.87,1,2824000.0,Education Loan,60,666,1491273.08,Mortgaged,0,1.31,0.87,1491273.08,0,1
Riya Sen,61,Female,Single,Post Graduate,Freelancer,1,358000.0,29833.33,9641.58,0.22,3,1454000.0,Car Loan,60,663,243921.6,Mortgaged,3,1.14,0.22,243921.6,1,0
Siddharth Rao,35,Female,Divorced,Post Graduate,Business,1,180000.0,15000.0,2751.58,0.19,1,330000.0,Car Loan,36,536,177086.81,Mortgaged,4,0.79,0.19,177086.81,1,0
Divya Agarwal,64,Male,Single,High School,Business,1,420000.0,35000.0,1294.15,0.84,0,2109000.0,Education Loan,180,661,199925.39,Rented,3,0.37,0.84,199925.39,0,1
Priya Patel,36,Male,Married,Post Graduate,Business,1,387000.0,32250.0,4933.24,0.66,1,819000.0,Medical Emergency,12,767,659755.47,Rented,0,2.27,0.66,659755.47,0,1
Divya Agarwal,52,Female,Married,Graduate,Self-Employed,1,369000.0,30750.0,10112.17,0.38,2,1313000.0,Business Loan,360,816,194939.42,Rented,3,0.45,0.38,194939.42,0,1
Vikram Singh,51,Female,Divorced,Graduate,Business,1,308000.0,25666.67,433.6,0.67,3,251000.0,Education Loan,48,724,182069.79,Owned,0,0.22,0.67,182069.79,0,1
Pooja Deshmukh,39,Male,Divorced,High School,Business,1,2154000.0,179500.0,71363.12,0.16,1,9707000.0,Personal Loan,24,707,680961.91,Mortgaged,1,2.65,0.16,680961.91,0,0
Deepak Choudhury,61,Female,Divorced,Graduate,Salaried,0,337000.0,28083.33,7664.09,0.23,5,1268000.0,Medical Emergency,48,646,432099.56,Owned,2,1.21,0.23,432099.56,0,0
Amit Kumar,27,Male,Single,Doctorate,Salaried,0,508000.0,42333.33,13780.02,0.91,5,2819000.0,Business Loan,360,634,656335.67,Rented,3,0.51,0.91,656335.67,0,0
Ananya Iyer,49,Female,Divorced,Doctorate,Salaried,0,651000.0,54250.0,260.53,0.22,0,3263000.0,Home Loan,24,693,587861.04,Rented,2,2.51,0.22,587861.04,0,0
Vikram Singh,50,Male,Single,Doctorate,Business,1,383000.0,31916.67,6783.02,0.68,1,747000.0,Education Loan,24,740,921070.79,Rented,4,1.19,0.68,921070.79,0,1
Tanvi Bhatia,35,Male,Married,High School,Business,1,584000.0,48666.67,2932.99,0.1,2,1292000.0,Home Loan,24,790,1278971.58,Mortgaged,1,1.17,0.1,1278971.58,0,1
Sneha Nair,33,Male,Divorced,High School,Self-Employed,1,383000.0,31916.67,3322.76,0.53,3,914000.0,Home Loan,36,812,733694.28,Rented,3,0.9,0.53,733694.28,0,1
Neha Gupta,31,Male,Divorced,Post Graduate,Salaried,0,287000.0,23916.67,2584.53,0.3,0,677000.0,Home Loan,24,648,204445.48,Owned,2,1.29,0.3,204445.48,0,0
Sneha Nair,24,Male,Divorced,Doctorate,Salaried,0,821000.0,68416.67,25540.79,0.62,1,3924000.0,Education Loan,48,586,1052276.74,Rented,2,1.57,0.62,1052276.74,0,0
Priya Patel,49,Male,Single,Post Graduate,Freelancer,1,300000.0,25000.0,8778.45,0.07,1,220000.0,Personal Loan,12,667,404584.73,Owned,2,1.08,0.07,404584.73,0,1
Siddharth Rao,22,Male,Single,Doctorate,Self-Employed,1,396000.0,33000.0,10170.89,0.12,1,2246000.0,Personal Loan,24,789,945128.47,Owned,1,3.14,0.12,945128.47,0,1
Amit Kumar,26,Female,Single,Doctorate,Self-Employed,1,271000.0,22583.33,4433.29,0.15,3,1069000.0,Car Loan,180,878,523389.01,Mortgaged,4,0.46,0.15,523389.01,0,1
Tanvi Bhatia,61,Male,Divorced,High School,Business,1,329000.0,27416.67,9248.97,0.09,1,603000.0,Business Loan,12,552,659693.46,Rented,2,2.17,0.09,659693.46,1,0
Amit Kumar,64,Female,Single,Doctorate,Self-Employed,1,205000.0,17083.33,3132.33,0.24,0,830000.0,Business Loan,24,744,46772.97,Mortgaged,4,2.21,0.24,46772.97,0,0
Aarav Sharma,23,Male,Divorced,High School,Salaried,0,670000.0,55833.33,20182.57,0.31,3,1005000.0,Home Loan,240,639,1661965.71,Mortgaged,1,0.44,0.31,1661965.71,0,1
Siddharth Rao,46,Female,Divorced,Doctorate,Business,1,341000.0,28416.67,10617.23,0.63,0,1595000.0,Medical Emergency,240,842,107473.39,Mortgaged,2,0.61,0.63,107473.39,0,1
Meera Pillai,21,Female,Divorced,Doctorate,Self-Employed,1,406000.0,33833.33,2237.04,0.56,3,860000.0,Business Loan,60,665,595502.81,Owned,3,0.49,0.56,595502.81,0,1
Rohan Mehta,25,Male,Single,Post Graduate,Business,1,2345000.0,195416.67,68637.69,0.75,1,6717000.0,Business Loan,360,586,5640914.57,Owned,2,0.45,0.75,5640914.57,0,1
Aarav Sharma,41,Female,Single,Doctorate,Salaried,0,180000.0,15000.0,3085.98,0.43,1,973000.0,Medical Emergency,240,658,93131.12,Owned,1,0.48,0.43,93131.12,0,1
Kavya Reddy,31,Male,Married,High School,Self-Employed,1,1137000.0,94750.0,38310.73,0.52,2,4679000.0,Business Loan,12,628,2394898.35,Rented,1,4.52,0.52,2394898.35,0,0
Pooja Deshmukh,35,Female,Divorced,Graduate,Self-Employed,1,698000.0,58166.67,23616.36,0.56,2,2016000.0,Home Loan,360,685,1417641.23,Owned,1,0.5,0.56,1417641.23,0,1
Pooja Deshmukh,56,Male,Married,High School,Salaried,0,410000.0,34166.67,12047.86,0.39,1,1058000.0,Car Loan,24,765,949686.04,Owned,1,1.64,0.39,949686.04,1,0
Riya Sen,36,Female,Single,Post Graduate,Self-Employed,1,1559000.0,129916.67,47192.83,0.33,3,3668000.0,Home Loan,60,555,3311220.61,Rented,4,0.83,0.33,3311220.61,1,0
Vikram Singh,21,Male,Divorced,High School,Business,1,689000.0,57416.67,16175.34,0.09,1,456000.0,Personal Loan,240,625,1312957.59,Owned,2,0.31,0.09,1312957.59,1,0
Deepak Choudhury,24,Female,Divorced,Doctorate,Freelancer,1,198000.0,16500.0,464.84,0.1,2,1007000.0,Car Loan,360,651,115818.28,Owned,2,0.2,0.1,115818.28,0,1
Tanvi Bhatia,62,Female,Single,Graduate,Salaried,0,247000.0,20583.33,3475.21,0.1,0,1004000.0,Home Loan,60,835,398082.21,Owned,0,0.98,0.1,398082.21,0,1
Amit Kumar,39,Male,Married,Doctorate,Self-Employed,1,475000.0,39583.33,15370.38,0.52,0,2515000.0,Car Loan,180,564,762254.55,Owned,4,0.74,0.52,762254.55,1,0
Kavya Reddy,41,Female,Married,Graduate,Freelancer,1,539000.0,44916.67,8906.63,0.59,0,1428000.0,Home Loan,240,606,1199299.38,Mortgaged,4,0.33,0.59,1199299.38,0,1
Divya Agarwal,46,Male,Divorced,Post Graduate,Business,1,2215000.0,184583.33,1616.6,0.77,1,10194000.0,Car Loan,240,752,5127258.44,Owned,3,0.24,0.77,5127258.44,0,1
Manish Tiwari,42,Male,Married,Graduate,Freelancer,1,404000.0,33666.67,14189.1,0.66,2,786000.0,Personal Loan,48,622,236905.38,Owned,1,0.91,0.66,236905.38,0,0
Vikram Singh,62,Female,Married,Post Graduate,Self-Employed,1,337000.0,28083.33,4356.67,0.91,2,370000.0,Business Loan,24,671,409189.47,Owned,2,0.7,0.91,409189.47,0,1
Neha Gupta,45,Male,Single,Post Graduate,Salaried,0,700000.0,58333.33,9970.53,0.25,0,1974000.0,Business Loan,120,576,292358.54,Rented,2,0.45,0.25,292358.54,1,0
Pooja Deshmukh,52,Female,Single,Post Graduate,Self-Employed,1,318000.0,26500.0,5336.31,0.85,1,1113000.0,Education Loan,60,725,484037.99,Mortgaged,2,0.9,0.85,484037.99,0,1
Manish Tiwari,36,Female,Single,Post Graduate,Freelancer,1,285000.0,23750.0,3142.3,0.09,3,1424000.0,Car Loan,60,900,223276.27,Owned,2,1.13,0.09,223276.27,0,1
Rohan Mehta,55,Female,Single,Doctorate,Freelancer,1,225000.0,18750.0,4507.16,0.88,0,1232000.0,Medical Emergency,240,730,382829.23,Owned,3,0.51,0.88,382829.23,0,1
Rahul Verma,26,Male,Single,Graduate,Freelancer,1,348000.0,29000.0,11670.17,0.58,0,1757000.0,Home Loan,48,744,252869.36,Rented,4,1.66,0.58,252869.36,0,0
Meera Pillai,30,Female,Divorced,Doctorate,Freelancer,1,279000.0,23250.0,2446.81,0.43,0,1408000.0,Business Loan,48,638,614900.19,Mortgaged,4,1.37,0.43,614900.19,0,0
Amit Kumar,30,Female,Single,High School,Self-Employed,1,290000.0,24166.67,6225.13,0.45,0,1323000.0,Car Loan,360,712,529551.32,Rented,4,0.41,0.45,529551.32,0,1
Ananya Iyer,49,Female,Married,Graduate,Freelancer,1,649000.0,54083.33,20952.25,0.5,1,3538000.0,Business Loan,36,842,1404593.41,Owned,0,2.2,0.5,1404593.41,0,1
Aarav Sharma,38,Female,Divorced,Post Graduate,Salaried,0,387000.0,32250.0,9562.44,0.2,3,670000.0,Education Loan,120,597,664602.56,Owned,1,0.47,0.2,664602.56,0,1
Pooja Deshmukh,40,Male,Married,Doctorate,Salaried,0,526000.0,43833.33,13546.09,0.41,1,698000.0,Home Loan,360,724,874803.25,Owned,2,0.35,0.41,874803.25,1,0
Manish Tiwari,32,Male,Married,Doctorate,Freelancer,1,533000.0,44416.67,15089.82,0.91,1,1901000.0,Business Loan,60,694,354192.38,Mortgaged,4,1.05,0.91,354192.38,0,0
Sneha Nair,55,Male,Single,Post Graduate,Salaried,0,243000.0,20250.0,7753.58,0.77,3,1393000.0,Medical Emergency,48,637,410561.28,Mortgaged,3,1.82,0.77,410561.28,0,0
Tanvi Bhatia,35,Female,Divorced,High School,Self-Employed,1,523000.0,43583.33,5847.22,0.6,1,2695000.0,Business Loan,360,504,747104.5,Owned,4,0.31,0.6,747104.5,1,0
Sneha Nair,25,Female,Married,Doctorate,Salaried,0,935000.0,77916.67,24378.27,0.45,2,2303000.0,Personal Loan,48,758,2102319.95,Rented,4,0.93,0.45,2102319.95,0,1
Riya Sen,57,Male,Divorced,Post Graduate,Salaried,0,414000.0,34500.0,14498.87,0.46,3,1073000.0,Home Loan,24,638,756204.51,Mortgaged,3,1.72,0.46,756204.51,0,0
Riya Sen,53,Female,Married,Post Graduate,Freelancer,1,386000.0,32166.67,7321.54,0.7,1,520000.0,Personal Loan,120,662,516730.66,Owned,2,0.36,0.7,516730.66,0,1
Priya Patel,32,Female,Divorced,Graduate,Freelancer,1,968000.0,80666.67,23360.85,0.66,1,4703000.0,Education Loan,12,537,1712589.38,Owned,2,5.15,0.66,1712589.38,1,0
Pooja Deshmukh,27,Female,Married,High School,Freelancer,1,241000.0,20083.33,5144.09,0.08,0,286000.0,Education Loan,360,720,125844.73,Mortgaged,0,0.3,0.08,125844.73,0,1
Pooja Deshmukh,29,Female,Married,Post Graduate,Freelancer,1,218000.0,18166.67,3766.11,0.4,0,277000.0,Business Loan,60,716,118952.43,Owned,2,0.46,0.4,118952.43,0,1
Vikram Singh,59,Female,Married,Post Graduate,Self-Employed,1,611000.0,50916.67,12514.4,0.86,0,2230000.0,Home Loan,120,730,654846.91,Rented,4,0.61,0.86,654846.91,1,0
Amit Kumar,62,Male,Divorced,High School,Freelancer,1,448000.0,37333.33,2988.7,0.9,2,1183000.0,Business Loan,36,607,478805.99,Mortgaged,4,0.96,0.9,478805.99,0,0
Kavya Reddy,57,Female,Divorced,High School,Salaried,0,626000.0,52166.67,5247.92,0.94,2,2050000.0,Business Loan,180,721,617333.3,Owned,0,0.32,0.94,617333.3,0,1
Riya Sen,59,Female,Married,High School,Salaried,0,1402000.0,116833.33,32064.64,0.73,0,6662000.0,Education Loan,60,420,894610.73,Owned,4,1.22,0.73,894610.73,1,0
Tanvi Bhatia,32,Male,Divorced,Graduate,Salaried,0,1060000.0,88333.33,36326.74,0.59,5,1491000.0,Personal Loan,360,722,2225214.4,Rented,1,0.46,0.59,2225214.4,0,1
Aditya Joshi,38,Male,Single,High School,Self-Employed,1,290000.0,24166.67,4290.52,0.13,0,613000.0,Home Loan,120,662,605009.14,Owned,2,0.39,0.13,605009.14,0,1
Neha Gupta,59,Female,Divorced,Post Graduate,Freelancer,1,322000.0,26833.33,5745.96,0.81,2,1090000.0,Personal Loan,180,585,377894.2,Rented,4,0.44,0.81,377894.2,1,0
Tanvi Bhatia,36,Female,Single,Graduate,Business,1,601000.0,50083.33,21419.34,0.76,1,417000.0,Education Loan,36,840,718747.4,Mortgaged,4,0.66,0.76,718747.4,0,1
Ananya Iyer,34,Female,Divorced,Graduate,Self-Employed,1,494000.0,41166.67,14037.59,0.06,1,1228000.0,Personal Loan,360,586,673954.03,Rented,2,0.42,0.06,673954.03,0,1
Vikram Singh,37,Female,Divorced,Doctorate,Freelancer,1,1072000.0,89333.33,2346.44,0.34,2,5093000.0,Business Loan,180,662,2145618.11,Rented,1,0.34,0.34,2145618.11,0,1
Aditya Joshi,53,Female,Single,Post Graduate,Freelancer,1,685000.0,57083.33,18137.99,0.51,0,4047000.0,Medical Emergency,60,733,958478.51,Rented,1,1.5,0.51,958478.51,0,0
Divya Agarwal,64,Female,Married,High School,Self-Employed,1,605000.0,50416.67,11389.83,0.32,3,2347000.0,Home Loan,24,673,1240130.77,Rented,2,2.17,0.32,1240130.77,0,1
Aarav Sharma,63,Male,Single,Graduate,Salaried,0,423000.0,35250.0,2473.65,0.33,3,1699000.0,Business Loan,48,767,116153.94,Owned,4,1.07,0.33,116153.94,0,1
Ananya Iyer,41,Female,Married,Graduate,Self-Employed,1,796000.0,66333.33,166.26,0.36,3,546000.0,Personal Loan,180,799,1140915.18,Owned,4,0.05,0.36,1140915.18,0,1
Sneha Nair,51,Female,Married,Doctorate,Freelancer,1,1069000.0,89083.33,23508.65,0.95,1,3419000.0,Car Loan,48,623,1192334.38,Mortgaged,1,1.06,0.95,1192334.38,0,0
Sneha Nair,31,Female,Single,Graduate,Self-Employed,1,563000.0,46916.67,7733.38,0.51,1,2569000.0,Personal Loan,120,549,445328.4,Owned,4,0.62,0.51,445328.4,1,0
Neha Gupta,44,Male,Divorced,Post Graduate,Self-Employed,1,765000.0,63750.0,23992.47,0.16,0,2935000.0,Medical Emergency,12,717,1227510.36,Mortgaged,3,4.21,0.16,1227510.36,0,1
Siddharth Rao,42,Male,Single,Post Graduate,Freelancer,1,272000.0,22666.67,2676.38,0.19,1,1209000.0,Car Loan,120,696,43014.33,Owned,2,0.56,0.19,43014.33,0,0
Siddharth Rao,39,Male,Divorced,Doctorate,Self-Employed,1,767000.0,63916.67,22633.87,0.86,2,2409000.0,Education Loan,60,741,1451458.4,Rented,4,0.98,0.86,1451458.4,0,1
Aditya Joshi,62,Female,Single,Doctorate,Self-Employed,1,491000.0,40916.67,15885.16,0.9,1,1124000.0,Business Loan,24,695,651177.75,Mortgaged,4,1.53,0.9,651177.75,0,1
Siddharth Rao,38,Male,Divorced,Graduate,Freelancer,1,180000.0,15000.0,358.4,0.83,2,801000.0,Home Loan,240,697,93837.17,Rented,2,0.25,0.83,93837.17,0,1
Rohan Mehta,46,Female,Divorced,Post Graduate,Self-Employed,1,1098000.0,91500.0,39391.75,0.88,0,2517000.0,Personal Loan,36,716,1629383.0,Mortgaged,4,1.19,0.88,1629383.0,0,1
Rohan Mehta,40,Female,Single,Graduate,Freelancer,1,270000.0,22500.0,8093.95,0.64,0,1004000.0,Medical Emergency,60,612,180104.3,Mortgaged,2,1.1,0.64,180104.3,0,0
Neha Gupta,56,Female,Divorced,High School,Self-Employed,1,766000.0,63833.33,22674.13,0.82,0,2659000.0,Education Loan,360,583,1804137.36,Rented,0,0.47,0.82,1804137.36,0,1
Riya Sen,33,Female,Divorced,Doctorate,Self-Employed,1,557000.0,46416.67,3374.62,0.4,0,1036000.0,Home Loan,120,561,404655.5,Rented,3,0.26,0.4,404655.5,1,0
Riya Sen,34,Male,Single,Doctorate,Freelancer,1,315000.0,26250.0,31.75,0.56,2,920000.0,Personal Loan,12,585,281818.95,Mortgaged,2,2.92,0.56,281818.95,0,0
Karan Malhotra,61,Female,Divorced,Graduate,Self-Employed,1,180000.0,15000.0,3309.71,0.86,1,414000.0,Business Loan,360,706,426587.45,Mortgaged,0,0.3,0.86,426587.45,0,1
Vikram Singh,36,Male,Divorced,Graduate,Self-Employed,1,612000.0,51000.0,18204.71,0.41,4,2967000.0,Home Loan,360,652,337981.35,Owned,1,0.52,0.41,337981.35,0,1
Aditya Joshi,55,Female,Divorced,Doctorate,Freelancer,1,346000.0,28833.33,4532.33,0.24,3,1581000.0,Medical Emergency,120,722,588765.7,Rented,2,0.61,0.24,588765.7,0,1
Meera Pillai,50,Female,Single,Graduate,Self-Employed,1,369000.0,30750.0,239.9,0.93,2,664000.0,Car Loan,24,623,758374.17,Mortgaged,3,0.91,0.93,758374.17,0,0
Karan Malhotra,38,Male,Married,Post Graduate,Self-Employed,1,517000.0,43083.33,16906.03,0.56,2,2899000.0,Home Loan,12,723,1018214.74,Mortgaged,4,6.0,0.56,1018214.74,0,1
Manish Tiwari,42,Female,Divorced,Graduate,Salaried,0,243000.0,20250.0,2759.18,0.48,1,995000.0,Medical Emergency,360,677,136770.86,Mortgaged,2,0.27,0.48,136770.86,0,1
Aarav Sharma,64,Female,Married,Graduate,Self-Employed,1,557000.0,46416.67,14344.98,0.5,0,2143000.0,Home Loan,36,632,587505.11,Mortgaged,1,1.59,0.5,587505.11,0,0
Vikram Singh,32,Male,Single,Post Graduate,Salaried,0,347000.0,28916.67,11278.34,0.88,1,2006000.0,Car Loan,240,743,661515.13,Owned,0,0.68,0.88,661515.13,1,0
Tanvi Bhatia,27,Male,Single,Graduate,Freelancer,1,1588000.0,132333.33,23980.56,0.17,4,2372000.0,Home Loan,12,775,1860466.51,Mortgaged,3,1.67,0.17,1860466.51,0,1
Deepak Choudhury,42,Female,Single,Post Graduate,Self-Employed,1,410000.0,34166.67,569.23,0.56,1,1178000.0,Education Loan,48,770,568570.08,Mortgaged,3,0.73,0.56,568570.08,0,1
Sneha Nair,41,Male,Single,High School,Self-Employed,1,422000.0,35166.67,1589.76,0.31,2,2044000.0,Medical Emergency,180,751,675552.85,Owned,4,0.37,0.31,675552.85,0,1
Aarav Sharma,57,Female,Single,Post Graduate,Business,1,918000.0,76500.0,12929.24,0.07,0,4616000.0,Personal Loan,120,464,2283030.21,Rented,0,0.67,0.07,2283030.21,1,0
Rahul Verma,47,Male,Single,High School,Self-Employed,1,667000.0,55583.33,19490.21,0.58,2,3354000.0,Home Loan,48,776,1617691.92,Owned,0,1.61,0.58,1617691.92,0,1
Rohan Mehta,63,Female,Married,High School,Business,1,502000.0,41833.33,7292.22,0.74,1,611000.0,Home Loan,60,811,1184534.45,Mortgaged,3,0.42,0.74,1184534.45,0,1
Aarav Sharma,40,Male,Married,Graduate,Freelancer,1,738000.0,61500.0,3407.15,0.6,1,2315000.0,Business Loan,240,791,566070.99,Owned,2,0.21,0.6,566070.99,0,1
Priya Patel,60,Female,Divorced,Graduate,Freelancer,1,540000.0,45000.0,8630.53,0.58,1,1495000.0,Personal Loan,36,455,1168574.13,Mortgaged,3,1.11,0.58,1168574.13,1,0
Ananya Iyer,49,Female,Married,High School,Self-Employed,1,515000.0,42916.67,15986.26,0.67,1,2076000.0,Personal Loan,60,616,91525.37,Owned,3,1.18,0.67,91525.37,0,0
Tanvi Bhatia,36,Female,Married,Doctorate,Freelancer,1,483000.0,40250.0,6675.65,0.85,2,1060000.0,Home Loan,120,618,561607.98,Mortgaged,0,0.39,0.85,561607.98,0,1
Pooja Deshmukh,63,Female,Married,Doctorate,Self-Employed,1,337000.0,28083.33,11952.17,0.28,1,1728000.0,Personal Loan,60,659,407160.06,Owned,0,1.45,0.28,407160.06,0,0
Meera Pillai,48,Male,Single,Graduate,Salaried,0,180000.0,15000.0,1398.73,0.78,0,819000.0,Car Loan,360,545,117295.6,Rented,1,0.24,0.78,117295.6,1,0
Rahul Verma,23,Female,Single,Doctorate,Salaried,0,902000.0,75166.67,18413.41,0.52,0,4481000.0,Medical Emergency,120,565,1059513.46,Owned,3,0.74,0.52,1059513.46,1,0
Ananya Iyer,46,Female,Divorced,Graduate,Freelancer,1,331000.0,27583.33,1048.05,0.51,0,909000.0,Home Loan,48,601,75904.72,Mortgaged,0,0.72,0.51,75904.72,0,0
Rahul Verma,37,Male,Married,High School,Business,1,841000.0,70083.33,15517.49,0.23,2,2274000.0,Home Loan,48,672,134136.43,Mortgaged,2,0.9,0.23,134136.43,0,0
Pooja Deshmukh,48,Female,Married,Doctorate,Freelancer,1,442000.0,36833.33,9881.36,0.5,3,718000.0,Business Loan,12,678,398255.48,Mortgaged,0,1.89,0.5,398255.48,0,1
Rohan Mehta,37,Female,Single,Doctorate,Business,1,1593000.0,132750.0,50079.78,0.85,1,4624000.0,Personal Loan,24,705,1509783.22,Owned,1,1.83,0.85,1509783.22,0,1
Vikram Singh,28,Female,Single,Graduate,Salaried,0,180000.0,15000.0,6613.8,0.41,1,511000.0,Education Loan,120,574,288793.86,Owned,0,0.72,0.41,288793.86,1,0
Ananya Iyer,30,Male,Married,Doctorate,Freelancer,1,389000.0,32416.67,1813.57,0.28,2,237000.0,Medical Emergency,60,769,585583.11,Mortgaged,3,0.18,0.28,585583.11,0,1
Meera Pillai,46,Male,Divorced,High School,Salaried,0,445000.0,37083.33,5257.35,0.65,1,1955000.0,Education Loan,36,559,89673.12,Mortgaged,1,1.61,0.65,89673.12,1,0
Priya Patel,52,Female,Divorced,Doctorate,Freelancer,1,667000.0,55583.33,19592.94,0.53,0,2141000.0,Personal Loan,24,642,384720.98,Mortgaged,2,1.96,0.53,384720.98,0,0
Ananya Iyer,62,Female,Married,High School,Salaried,0,180000.0,15000.0,2773.49,0.39,2,189000.0,Personal Loan,240,617,141834.97,Owned,2,0.24,0.39,141834.97,0,1
Manish Tiwari,46,Female,Single,Post Graduate,Self-Employed,1,374000.0,31166.67,10689.79,0.44,0,621000.0,Medical Emergency,360,790,638551.0,Mortgaged,4,0.4,0.44,638551.0,0,1
Manish Tiwari,29,Male,Divorced,Doctorate,Salaried,0,180000.0,15000.0,452.22,0.79,1,351000.0,Car Loan,36,830,29364.6,Rented,3,0.68,0.79,29364.6,1,0
Karan Malhotra,32,Male,Single,Graduate,Freelancer,1,916000.0,76333.33,1886.59,0.19,2,3810000.0,Home Loan,60,741,300619.59,Mortgaged,0,0.86,0.19,300619.59,0,0
Rahul Verma,24,Male,Married,Doctorate,Self-Employed,1,188000.0,15666.67,6327.0,0.13,0,554000.0,Home Loan,360,696,246046.66,Mortgaged,4,0.5,0.13,246046.66,0,1
Deepak Choudhury,22,Male,Single,Doctorate,Business,1,180000.0,15000.0,2052.77,0.17,0,840000.0,Car Loan,120,546,243480.8,Mortgaged,3,0.6,0.17,243480.8,1,0
Manish Tiwari,28,Female,Divorced,High School,Freelancer,1,590000.0,49166.67,20631.72,0.54,0,495000.0,Home Loan,60,587,823774.49,Rented,2,0.59,0.54,823774.49,0,0
Riya Sen,48,Male,Single,Post Graduate,Freelancer,1,461000.0,38416.67,9740.28,0.32,1,1253000.0,Medical Emergency,24,542,1079642.09,Mortgaged,1,1.61,0.32,1079642.09,1,0
Manish Tiwari,39,Female,Single,Doctorate,Self-Employed,1,528000.0,44000.0,9174.51,0.73,0,1944000.0,Medical Emergency,240,844,894960.12,Owned,3,0.39,0.73,894960.12,0,1
Manish Tiwari,33,Female,Single,Graduate,Business,1,331000.0,27583.33,11229.85,0.13,1,1223000.0,Home Loan,120,721,372427.68,Rented,3,0.78,0.13,372427.68,0,1
Kavya Reddy,39,Male,Married,High School,Self-Employed,1,313000.0,26083.33,3912.19,0.39,0,341000.0,Car Loan,180,656,167812.01,Mortgaged,1,0.22,0.39,167812.01,1,0
Tanvi Bhatia,53,Female,Divorced,High School,Freelancer,1,1360000.0,113333.33,19570.26,0.27,0,2661000.0,Business Loan,180,603,219627.06,Rented,2,0.3,0.27,219627.06,0,1
Vikram Singh,48,Male,Married,Graduate,Self-Employed,1,1914000.0,159500.0,40253.8,0.14,2,2455000.0,Education Loan,48,719,3983507.78,Rented,2,0.57,0.14,3983507.78,0,1
Meera Pillai,37,Male,Single,Post Graduate,Business,1,226000.0,18833.33,4530.92,0.53,0,737000.0,Business Loan,12,612,500093.31,Owned,4,3.5,0.53,500093.31,0,0
Siddharth Rao,33,Female,Single,Doctorate,Salaried,0,448000.0,37333.33,7138.56,0.61,0,380000.0,Education Loan,24,832,275378.57,Owned,4,0.62,0.61,275378.57,0,1
Kavya Reddy,54,Female,Divorced,Post Graduate,Self-Employed,1,1322000.0,110166.67,35432.98,0.15,3,2212000.0,Medical Emergency,180,684,2970087.07,Rented,3,0.43,0.15,2970087.07,0,1
Kavya Reddy,48,Male,Married,High School,Salaried,0,439000.0,36583.33,6595.01,0.75,1,1910000.0,Personal Loan,120,772,998913.68,Rented,3,0.62,0.75,998913.68,0,1
Riya Sen,53,Male,Married,Graduate,Salaried,0,1093000.0,91083.33,17580.26,0.64,0,5795000.0,Medical Emergency,60,781,827007.77,Mortgaged,1,1.25,0.64,827007.77,0,1
Rahul Verma,31,Female,Divorced,Doctorate,Salaried,0,616000.0,51333.33,17842.44,0.16,0,1184000.0,Business Loan,360,613,993711.86,Mortgaged,3,0.41,0.16,993711.86,0,1
Aarav Sharma,28,Female,Married,Post Graduate,Salaried,0,402000.0,33500.0,4092.84,0.45,1,1116000.0,Home Loan,48,517,850375.97,Mortgaged,4,0.82,0.45,850375.97,0,0
Siddharth Rao,41,Female,Divorced,Doctorate,Self-Employed,1,274000.0,22833.33,7181.0,0.57,0,1187000.0,Business Loan,240,635,232318.54,Mortgaged,1,0.53,0.57,232318.54,0,0
Sneha Nair,32,Male,Married,High School,Business,1,216000.0,18000.0,7929.06,0.77,0,167000.0,Home Loan,36,681,396082.62,Mortgaged,2,0.7,0.77,396082.62,0,1
Riya Sen,39,Female,Single,Doctorate,Salaried,0,210000.0,17500.0,2766.18,0.11,0,196000.0,Medical Emergency,12,720,135442.89,Mortgaged,3,1.09,0.11,135442.89,0,1
Meera Pillai,47,Female,Single,Doctorate,Business,1,214000.0,17833.33,1994.64,0.93,1,869000.0,Home Loan,360,627,318912.48,Rented,4,0.25,0.93,318912.48,0,1
Priya Patel,50,Female,Married,Graduate,Salaried,0,781000.0,65083.33,725.55,0.64,0,2849000.0,Personal Loan,60,684,1072193.39,Mortgaged,4,0.74,0.64,1072193.39,0,1
Priya Patel,21,Female,Married,Doctorate,Business,1,755000.0,62916.67,22239.96,0.72,2,2689000.0,Car Loan,180,687,976976.25,Owned,4,0.59,0.72,976976.25,0,1
Divya Agarwal,36,Female,Single,Graduate,Business,1,293000.0,24416.67,3458.29,0.83,0,936000.0,Car Loan,120,784,407282.63,Owned,3,0.46,0.83,407282.63,0,1
Sneha Nair,46,Female,Single,Post Graduate,Salaried,0,385000.0,32083.33,6138.12,0.27,1,1849000.0,Education Loan,180,571,847818.34,Owned,1,0.51,0.27,847818.34,1,0
Neha Gupta,55,Female,Married,High School,Salaried,0,421000.0,35083.33,1711.34,0.62,2,1608000.0,Education Loan,48,673,977075.95,Owned,1,1.0,0.62,977075.95,0,1
Divya Agarwal,52,Male,Single,Graduate,Self-Employed,1,194000.0,16166.67,1106.93,0.21,0,910000.0,Car Loan,180,579,468393.9,Rented,3,0.38,0.21,468393.9,1,0
Riya Sen,38,Female,Married,Post Graduate,Business,1,425000.0,35416.67,9774.04,0.4,1,455000.0,Personal Loan,60,583,765823.79,Owned,3,0.49,0.4,765823.79,0,1
Deepak Choudhury,59,Female,Divorced,Doctorate,Salaried,0,372000.0,31000.0,85.36,0.86,1,1284000.0,Home Loan,240,783,562889.5,Rented,3,0.18,0.86,562889.5,0,1
Riya Sen,36,Male,Single,Graduate,Self-Employed,1,342000.0,28500.0,7410.79,0.84,1,845000.0,Home Loan,60,562,400371.49,Mortgaged,0,0.75,0.84,400371.49,1,0
Aditya Joshi,53,Male,Divorced,Doctorate,Salaried,0,664000.0,55333.33,3667.14,0.15,1,933000.0,Personal Loan,360,828,466757.77,Mortgaged,2,0.11,0.15,466757.77,0,1
Riya Sen,59,Female,Single,Doctorate,Business,1,355000.0,29583.33,9271.28,0.71,1,1869000.0,Business Loan,12,743,428446.04,Rented,0,5.58,0.71,428446.04,0,0
Neha Gupta,32,Female,Married,Post Graduate,Business,1,661000.0,55083.33,3170.74,0.65,1,2856000.0,Personal Loan,360,781,580567.74,Rented,4,0.2,0.65,580567.74,0,1
Aditya Joshi,61,Male,Single,Doctorate,Business,1,865000.0,72083.33,9909.76,0.38,0,3535000.0,Education Loan,36,700,1892350.8,Owned,0,1.5,0.38,1892350.8,0,1
Rohan Mehta,22,Male,Divorced,Doctorate,Business,1,497000.0,41416.67,14346.23,0.6,1,2262000.0,Car Loan,24,728,587354.74,Rented,4,2.62,0.6,587354.74,0,0
Kavya Reddy,42,Female,Divorced,Post Graduate,Freelancer,1,220000.0,18333.33,1400.2,0.22,3,1117000.0,Business Loan,180,679,383723.82,Owned,3,0.41,0.22,383723.82,0,1
Pooja Deshmukh,61,Male,Divorced,Graduate,Salaried,0,180000.0,15000.0,4095.5,0.4,5,334000.0,Home Loan,60,655,160106.97,Mortgaged,3,0.64,0.4,160106.97,0,1
Siddharth Rao,49,Male,Married,Post Graduate,Business,1,655000.0,54583.33,15330.17,0.26,0,3382000.0,Education Loan,12,658,121720.88,Mortgaged,1,5.44,0.26,121720.88,0,0
Ananya Iyer,25,Male,Divorced,Doctorate,Freelancer,1,475000.0,39583.33,8446.16,0.31,0,2602000.0,Car Loan,120,753,1174844.38,Rented,1,0.76,0.31,1174844.38,0,1
Pooja Deshmukh,51,Female,Married,Doctorate,Salaried,0,566000.0,47166.67,17528.71,0.24,4,1949000.0,Education Loan,24,641,701991.38,Mortgaged,3,2.09,0.24,701991.38,0,0
Meera Pillai,45,Male,Single,High School,Self-Employed,1,303000.0,25250.0,7313.47,0.16,0,1046000.0,Business Loan,360,653,511030.45,Mortgaged,1,0.4,0.16,511030.45,0,1
Tanvi Bhatia,47,Female,Divorced,Post Graduate,Salaried,0,441000.0,36750.0,5061.72,0.94,0,1388000.0,Medical Emergency,36,715,930521.05,Owned,0,1.19,0.94,930521.05,0,1
Karan Malhotra,61,Male,Married,Doctorate,Self-Employed,1,180000.0,15000.0,245.9,0.13,0,812000.0,Business Loan,360,708,341005.96,Rented,2,0.17,0.13,341005.96,0,1
Neha Gupta,24,Female,Single,Post Graduate,Self-Employed,1,631000.0,52583.33,14017.5,0.2,2,1133000.0,Business Loan,24,807,291695.46,Owned,0,1.16,0.2,291695.46,0,1
Meera Pillai,58,Female,Single,Doctorate,Self-Employed,1,575000.0,47916.67,20348.56,0.56,0,3398000.0,Business Loan,360,709,1332832.19,Mortgaged,0,0.62,0.56,1332832.19,0,1
Rohan Mehta,45,Male,Single,Graduate,Salaried,0,462000.0,38500.0,14140.91,0.06,1,815000.0,Home Loan,12,709,116088.51,Mortgaged,0,2.13,0.06,116088.51,0,0
Divya Agarwal,51,Female,Single,Graduate,Salaried,0,578000.0,48166.67,11009.24,0.62,2,2424000.0,Business Loan,240,769,1049462.05,Owned,0,0.44,0.62,1049462.05,1,0
Rahul Verma,43,Female,Single,High School,Freelancer,1,274000.0,22833.33,8187.73,0.31,2,1519000.0,Personal Loan,360,653,217685.11,Rented,1,0.54,0.31,217685.11,0,0
Rahul Verma,60,Male,Married,High School,Freelancer,1,492000.0,41000.0,14447.06,0.74,1,1735000.0,Personal Loan,48,642,420988.86,Rented,3,1.23,0.74,420988.86,0,0
Manish Tiwari,55,Female,Divorced,Graduate,Salaried,0,795000.0,66250.0,108.81,0.71,0,4746000.0,Car Loan,180,627,1827226.65,Owned,2,0.4,0.71,1827226.65,0,1
Aditya Joshi,42,Female,Divorced,Doctorate,Freelancer,1,180000.0,15000.0,5630.12,0.35,1,984000.0,Home Loan,180,719,204991.56,Mortgaged,1,0.74,0.35,204991.56,0,0
Aditya Joshi,27,Male,Single,Graduate,Freelancer,1,576000.0,48000.0,19788.62,0.32,0,562000.0,Home Loan,48,708,1421726.83,Owned,4,0.66,0.32,1421726.83,0,1
Meera Pillai,62,Female,Single,Doctorate,Business,1,338000.0,28166.67,9790.5,0.47,1,1141000.0,Home Loan,120,740,660862.13,Owned,1,0.69,0.47,660862.13,0,1
Meera Pillai,45,Male,Married,Post Graduate,Freelancer,1,658000.0,54833.33,13183.75,0.56,1,2579000.0,Personal Loan,180,733,1024268.98,Owned,2,0.5,0.56,1024268.98,0,1
Meera Pillai,43,Female,Divorced,Graduate,Freelancer,1,510000.0,42500.0,10119.78,0.66,0,2053000.0,Business Loan,24,595,496639.26,Rented,4,2.25,0.66,496639.26,0,0
Divya Agarwal,40,Male,Married,Doctorate,Salaried,0,604000.0,50333.33,12895.77,0.86,2,380000.0,Business Loan,48,600,243780.49,Owned,4,0.41,0.86,243780.49,0,1
Pooja Deshmukh,63,Female,Divorced,Post Graduate,Freelancer,1,702000.0,58500.0,386.78,0.93,1,2487000.0,Home Loan,120,745,1644686.59,Owned,3,0.36,0.93,1644686.59,0,1
Pooja Deshmukh,51,Female,Divorced,High School,Salaried,0,619000.0,51583.33,10691.0,0.46,2,2713000.0,Medical Emergency,36,665,787285.43,Rented,2,1.67,0.46,787285.43,0,0
Rahul Verma,24,Male,Divorced,Post Graduate,Business,1,180000.0,15000.0,620.34,0.69,1,489000.0,Personal Loan,180,660,133029.13,Owned,0,0.22,0.69,133029.13,0,1
Riya Sen,60,Female,Divorced,Graduate,Freelancer,1,457000.0,38083.33,915.05,0.69,2,2731000.0,Education Loan,120,757,337888.67,Owned,0,0.62,0.69,337888.67,0,1
Meera Pillai,40,Female,Divorced,High School,Business,1,1503000.0,125250.0,27398.18,0.8,1,3388000.0,Business Loan,36,632,160710.9,Mortgaged,2,0.97,0.8,160710.9,0,0
Pooja Deshmukh,26,Female,Single,Graduate,Salaried,0,208000.0,17333.33,494.28,0.41,2,1163000.0,Education Loan,180,759,158134.41,Owned,1,0.4,0.41,158134.41,0,1
Rohan Mehta,47,Male,Married,Doctorate,Self-Employed,1,854000.0,71166.67,16111.74,0.88,0,3297000.0,Medical Emergency,60,498,95764.55,Owned,4,1.0,0.88,95764.55,1,0
Deepak Choudhury,27,Male,Single,High School,Freelancer,1,973000.0,81083.33,8770.52,0.17,2,2732000.0,Car Loan,360,594,2255482.46,Rented,4,0.2,0.17,2255482.46,1,0
Rahul Verma,36,Male,Married,Graduate,Salaried,0,1234000.0,102833.33,5375.7,0.38,2,624000.0,Personal Loan,240,738,2747106.85,Owned,4,0.08,0.38,2747106.85,0,1
Rahul Verma,42,Female,Single,Doctorate,Salaried,0,180000.0,15000.0,5045.84,0.09,2,449000.0,Car Loan,12,532,372592.3,Owned,3,2.83,0.09,372592.3,1,0
Rahul Verma,56,Female,Divorced,High School,Salaried,0,295000.0,24583.33,50.93,0.49,2,1618000.0,Medical Emergency,24,649,650597.65,Mortgaged,4,2.74,0.49,650597.65,0,0
Meera Pillai,38,Female,Divorced,High School,Self-Employed,1,477000.0,39750.0,14501.9,0.18,0,1727000.0,Car Loan,180,703,726678.68,Mortgaged,2,0.61,0.18,726678.68,0,1
Divya Agarwal,59,Female,Single,High School,Business,1,747000.0,62250.0,26795.35,0.74,0,2072000.0,Medical Emergency,24,760,1794597.88,Mortgaged,1,1.82,0.74,1794597.88,0,1
Vikram Singh,33,Female,Single,High School,Salaried,0,394000.0,32833.33,3150.29,0.74,1,1873000.0,Home Loan,60,735,353613.56,Owned,4,1.05,0.74,353613.56,0,0
Meera Pillai,57,Female,Single,Post Graduate,Salaried,0,531000.0,44250.0,9324.47,0.32,3,3101000.0,Medical Emergency,120,612,611096.54,Mortgaged,0,0.79,0.32,611096.54,0,0
Kavya Reddy,33,Female,Single,Doctorate,Salaried,0,351000.0,29250.0,5339.13,0.3,1,1229000.0,Home Loan,180,493,412330.64,Mortgaged,1,0.42,0.3,412330.64,1,0
Aditya Joshi,25,Female,Divorced,Post Graduate,Business,1,811000.0,67583.33,29429.35,0.34,1,1422000.0,Medical Emergency,60,712,871128.56,Owned,3,0.79,0.34,871128.56,0,1
Amit Kumar,38,Female,Single,Doctorate,Freelancer,1,505000.0,42083.33,17555.29,0.68,1,1345000.0,Car Loan,120,602,477656.33,Rented,3,0.68,0.68,477656.33,0,0
Neha Gupta,43,Male,Divorced,Post Graduate,Salaried,0,1125000.0,93750.0,25062.19,0.54,1,2625000.0,Education Loan,24,690,227263.96,Mortgaged,1,1.43,0.54,227263.96,0,0
Aarav Sharma,43,Male,Single,Graduate,Salaried,0,345000.0,28750.0,12895.86,0.47,0,1136000.0,Car Loan,24,614,532150.37,Mortgaged,0,2.09,0.47,532150.37,1,0
Amit Kumar,26,Female,Divorced,Doctorate,Freelancer,1,685000.0,57083.33,1386.7,0.68,2,976000.0,Home Loan,180,596,1247390.63,Rented,2,0.12,0.68,1247390.63,0,1
Amit Kumar,21,Female,Divorced,Graduate,Self-Employed,1,816000.0,68000.0,30545.25,0.85,1,3401000.0,Personal Loan,240,861,1846347.37,Mortgaged,3,0.66,0.85,1846347.37,0,1
Priya Patel,22,Male,Single,Doctorate,Salaried,0,196000.0,16333.33,580.21,0.15,5,329000.0,Medical Emergency,36,506,446020.23,Rented,3,0.6,0.15,446020.23,1,0
Manish Tiwari,37,Female,Married,High School,Salaried,0,721000.0,60083.33,11844.09,0.09,1,3671000.0,Home Loan,240,604,1290620.81,Owned,3,0.45,0.09,1290620.81,0,1
Meera Pillai,53,Male,Married,High School,Salaried,0,411000.0,34250.0,14078.63,0.65,1,2080000.0,Home Loan,12,809,1010304.26,Rented,3,5.47,0.65,1010304.26,0,1
Tanvi Bhatia,30,Male,Married,Graduate,Self-Employed,1,1256000.0,104666.67,32500.38,0.57,1,649000.0,Education Loan,36,687,2952165.74,Owned,0,0.48,0.57,2952165.74,0,1
Deepak Choudhury,57,Female,Single,Graduate,Business,1,859000.0,71583.33,20192.76,0.87,1,4943000.0,Medical Emergency,120,475,1901139.06,Mortgaged,1,0.86,0.87,1901139.06,1,0
Meera Pillai,40,Female,Married,Post Graduate,Business,1,205000.0,17083.33,5273.81,0.36,0,154000.0,Car Loan,24,678,36862.77,Rented,1,0.68,0.36,36862.77,0,0
Manish Tiwari,25,Male,Divorced,Graduate,Freelancer,1,228000.0,19000.0,4883.7,0.9,1,1254000.0,Business Loan,12,610,63121.93,Rented,2,5.76,0.9,63121.93,0,0
Riya Sen,34,Female,Single,Post Graduate,Freelancer,1,564000.0,47000.0,10595.17,0.67,2,671000.0,Personal Loan,48,669,828325.59,Rented,0,0.52,0.67,828325.59,0,1
Pooja Deshmukh,56,Male,Single,Graduate,Freelancer,1,669000.0,55750.0,12312.36,0.39,0,3455000.0,Personal Loan,120,640,593684.09,Owned,2,0.74,0.39,593684.09,0,0
Pooja Deshmukh,37,Male,Single,Doctorate,Self-Employed,1,265000.0,22083.33,9792.1,0.33,0,322000.0,Car Loan,36,622,208312.72,Rented,2,0.85,0.33,208312.72,0,0
Neha Gupta,28,Male,Divorced,Post Graduate,Self-Employed,1,336000.0,28000.0,2757.32,0.25,0,780000.0,Home Loan,24,641,45884.17,Owned,1,1.26,0.25,45884.17,0,0
Divya Agarwal,29,Male,Married,Post Graduate,Salaried,0,791000.0,65916.67,18901.15,0.91,0,2813000.0,Car Loan,360,764,559920.8,Owned,4,0.41,0.91,559920.8,0,1
Ananya Iyer,21,Male,Married,Doctorate,Freelancer,1,575000.0,47916.67,4742.54,0.17,0,3221000.0,Education Loan,120,716,1379109.13,Rented,3,0.66,0.17,1379109.13,0,1
Manish Tiwari,23,Female,Married,Post Graduate,Salaried,0,180000.0,15000.0,1154.2,0.71,1,853000.0,Education Loan,36,695,188744.26,Owned,2,1.66,0.71,188744.26,0,0
Kavya Reddy,23,Female,Divorced,Post Graduate,Salaried,0,816000.0,68000.0,27073.18,0.18,3,2069000.0,Business Loan,36,738,233841.48,Rented,2,1.24,0.18,233841.48,0,0
Aarav Sharma,52,Male,Single,Doctorate,Salaried,0,180000.0,15000.0,613.13,0.36,1,250000.0,Medical Emergency,360,759,20643.49,Owned,4,0.09,0.36,20643.49,0,1
Neha Gupta,64,Male,Divorced,Post Graduate,Salaried,0,494000.0,41166.67,6531.39,0.87,1,2382000.0,Business Loan,240,604,906339.11,Mortgaged,2,0.4,0.87,906339.11,0,1
Ananya Iyer,39,Female,Single,Graduate,Freelancer,1,3735000.0,311250.0,29614.25,0.38,1,13171000.0,Home Loan,120,702,5473792.36,Rented,0,0.45,0.38,5473792.36,0,1
Riya Sen,62,Male,Divorced,Graduate,Freelancer,1,509000.0,42416.67,10612.9,0.09,0,395000.0,Education Loan,48,647,635741.26,Mortgaged,2,0.44,0.09,635741.26,0,1
Rohan Mehta,62,Male,Divorced,Doctorate,Self-Employed,1,336000.0,28000.0,6407.36,0.57,1,1830000.0,Business Loan,60,715,301081.95,Rented,2,1.32,0.57,301081.95,0,0
Ananya Iyer,41,Male,Single,Doctorate,Self-Employed,1,383000.0,31916.67,17.51,0.21,2,642000.0,Education Loan,360,676,155461.99,Owned,1,0.06,0.21,155461.99,0,1
Vikram Singh,51,Male,Married,Graduate,Business,1,180000.0,15000.0,1881.53,0.94,0,738000.0,Medical Emergency,36,622,417407.66,Mortgaged,0,1.49,0.94,417407.66,0,0
Rahul Verma,47,Female,Married,Post Graduate,Salaried,0,476000.0,39666.67,12015.3,0.71,0,2162000.0,Personal Loan,12,642,771931.71,Owned,3,4.84,0.71,771931.71,0,0
Vikram Singh,49,Male,Single,Post Graduate,Freelancer,1,288000.0,24000.0,5378.69,0.82,0,345000.0,Home Loan,48,780,286569.71,Owned,2,0.52,0.82,286569.71,1,0
Vikram Singh,47,Male,Married,High School,Salaried,0,336000.0,28000.0,5130.19,0.41,1,173000.0,Home Loan,120,710,610375.44,Mortgaged,2,0.23,0.41,610375.44,0,1
Karan Malhotra,30,Female,Married,High School,Freelancer,1,882000.0,73500.0,29869.81,0.14,0,3047000.0,Personal Loan,24,724,1535640.31,Mortgaged,2,2.13,0.14,1535640.31,0,1
Tanvi Bhatia,25,Male,Married,Graduate,Freelancer,1,418000.0,34833.33,4679.58,0.83,0,303000.0,Personal Loan,360,701,260667.91,Owned,4,0.16,0.83,260667.91,0,1
Meera Pillai,27,Female,Single,Doctorate,Freelancer,1,226000.0,18833.33,1374.66,0.56,1,1109000.0,Personal Loan,24,818,250299.28,Owned,3,2.53,0.56,250299.28,0,1
Pooja Deshmukh,37,Female,Divorced,High School,Freelancer,1,648000.0,54000.0,20446.86,0.87,1,1965000.0,Home Loan,180,669,428511.33,Rented,1,0.58,0.87,428511.33,0,0
Rahul Verma,61,Female,Married,High School,Salaried,0,674000.0,56166.67,7663.3,0.31,2,3166000.0,Education Loan,60,812,1128589.41,Rented,4,1.08,0.31,1128589.41,0,1
Siddharth Rao,33,Male,Divorced,High School,Self-Employed,1,1290000.0,107500.0,34698.41,0.56,6,3084000.0,Education Loan,180,884,646882.87,Owned,3,0.48,0.56,646882.87,0,1
Neha Gupta,53,Female,Single,Doctorate,Salaried,0,915000.0,76250.0,3035.27,0.92,2,1744000.0,Car Loan,36,678,2111018.8,Mortgaged,1,0.68,0.92,2111018.8,0,1
Meera Pillai,22,Female,Married,Post Graduate,Salaried,0,283000.0,23583.33,7207.77,0.82,1,1132000.0,Home Loan,360,726,527479.53,Mortgaged,2,0.44,0.82,527479.53,0,1
Tanvi Bhatia,21,Male,Divorced,Doctorate,Self-Employed,1,742000.0,61833.33,17793.25,0.7,0,4074000.0,Medical Emergency,24,494,1245993.12,Mortgaged,0,3.03,0.7,1245993.12,1,0
Aditya Joshi,28,Male,Single,High School,Self-Employed,1,972000.0,81000.0,32344.33,0.7,0,5631000.0,Education Loan,240,757,2369599.88,Owned,1,0.69,0.7,2369599.88,0,1
Priya Patel,25,Female,Divorced,Post Graduate,Self-Employed,1,205000.0,17083.33,1887.45,0.9,2,1173000.0,Home Loan,48,654,58653.78,Mortgaged,0,1.54,0.9,58653.78,0,0
Deepak Choudhury,63,Female,Married,Graduate,Business,1,225000.0,18750.0,8269.91,0.29,1,1181000.0,Medical Emergency,180,688,517214.31,Mortgaged,3,0.79,0.29,517214.31,0,1
Riya Sen,26,Female,Married,Doctorate,Business,1,349000.0,29083.33,9445.85,0.9,3,1933000.0,Education Loan,48,508,336848.61,Owned,1,1.71,0.9,336848.61,1,0
Manish Tiwari,63,Female,Married,Doctorate,Freelancer,1,779000.0,64916.67,27202.49,0.59,1,2544000.0,Home Loan,180,703,467939.2,Rented,2,0.64,0.59,467939.2,0,0
Neha Gupta,31,Female,Married,High School,Salaried,0,735000.0,61250.0,14759.34,0.87,0,2683000.0,Business Loan,60,649,969692.38,Rented,3,0.97,0.87,969692.38,0,0
Siddharth Rao,29,Male,Married,High School,Freelancer,1,366000.0,30500.0,5449.85,0.81,3,549000.0,Personal Loan,12,708,434691.17,Rented,4,1.68,0.81,434691.17,0,1
Pooja Deshmukh,44,Male,Married,Post Graduate,Freelancer,1,613000.0,51083.33,2816.88,0.78,0,484000.0,Medical Emergency,60,727,1018558.57,Mortgaged,1,0.21,0.78,1018558.57,0,1
Neha Gupta,52,Female,Single,High School,Business,1,1513000.0,126083.33,50276.85,0.24,1,7494000.0,Car Loan,180,601,950202.92,Rented,3,0.73,0.24,950202.92,0,0
Aarav Sharma,28,Male,Divorced,Graduate,Freelancer,1,2439000.0,203250.0,85988.17,0.79,2,13558000.0,Personal Loan,24,652,708680.67,Mortgaged,0,3.2,0.79,708680.67,0,0
Rahul Verma,47,Female,Married,Post Graduate,Self-Employed,1,327000.0,27250.0,4448.2,0.92,3,666000.0,Personal Loan,180,691,730528.58,Mortgaged,4,0.3,0.92,730528.58,0,1
Aditya Joshi,57,Female,Divorced,Doctorate,Salaried,0,328000.0,27333.33,1382.87,0.22,1,1905000.0,Medical Emergency,12,704,577149.57,Rented,2,5.86,0.22,577149.57,0,1
Vikram Singh,24,Male,Married,Doctorate,Freelancer,1,342000.0,28500.0,1693.63,0.44,1,1454000.0,Car Loan,48,679,194238.93,Owned,3,1.12,0.44,194238.93,0,0
Priya Patel,37,Male,Divorced,High School,Self-Employed,1,373000.0,31083.33,11381.23,0.89,0,316000.0,Education Loan,120,628,618353.87,Mortgaged,3,0.45,0.89,618353.87,0,1
